-- phpMyAdmin SQL Dump
-- version 5.2.1
-- https://www.phpmyadmin.net/
--
-- Host: 127.0.0.1
-- Generation Time: Mar 11, 2024 at 06:14 PM
-- Server version: 10.4.32-MariaDB
-- PHP Version: 8.2.12

SET SQL_MODE = "NO_AUTO_VALUE_ON_ZERO";
START TRANSACTION;
SET time_zone = "+00:00";


/*!40101 SET @OLD_CHARACTER_SET_CLIENT=@@CHARACTER_SET_CLIENT */;
/*!40101 SET @OLD_CHARACTER_SET_RESULTS=@@CHARACTER_SET_RESULTS */;
/*!40101 SET @OLD_COLLATION_CONNECTION=@@COLLATION_CONNECTION */;
/*!40101 SET NAMES utf8mb4 */;

--
-- Database: `fyp`
--

-- --------------------------------------------------------

--
-- Table structure for table `academic_list`
--

CREATE TABLE `academic_list` (
  `id` int(30) NOT NULL,
  `year` text NOT NULL,
  `semester` int(30) NOT NULL,
  `is_default` tinyint(1) NOT NULL DEFAULT 0,
  `status` int(1) NOT NULL DEFAULT 0 COMMENT '0=Pending,1=Start,2=Closed'
) ENGINE=InnoDB DEFAULT CHARSET=utf8mb4 COLLATE=utf8mb4_general_ci;

--
-- Dumping data for table `academic_list`
--

INSERT INTO `academic_list` (`id`, `year`, `semester`, `is_default`, `status`) VALUES
(1, '2019-2020', 1, 0, 0),
(2, '2019-2020', 2, 0, 0),
(3, '2020-2021', 1, 1, 1),
(4, '434', 2, 0, 0);

-- --------------------------------------------------------

--
-- Table structure for table `allowed_book`
--

CREATE TABLE `allowed_book` (
  `allowed_book_id` int(11) NOT NULL,
  `qntty_books` int(11) NOT NULL
) ENGINE=InnoDB DEFAULT CHARSET=latin1 COLLATE=latin1_swedish_ci;

--
-- Dumping data for table `allowed_book`
--

INSERT INTO `allowed_book` (`allowed_book_id`, `qntty_books`) VALUES
(1, 4);

-- --------------------------------------------------------

--
-- Table structure for table `allowed_days`
--

CREATE TABLE `allowed_days` (
  `allowed_days_id` int(11) NOT NULL,
  `no_of_days` int(11) NOT NULL
) ENGINE=InnoDB DEFAULT CHARSET=latin1 COLLATE=latin1_swedish_ci;

--
-- Dumping data for table `allowed_days`
--

INSERT INTO `allowed_days` (`allowed_days_id`, `no_of_days`) VALUES
(1, 7);

-- --------------------------------------------------------

--
-- Table structure for table `barcode`
--

CREATE TABLE `barcode` (
  `barcode_id` int(11) NOT NULL,
  `pre_barcode` varchar(100) NOT NULL,
  `mid_barcode` int(100) NOT NULL,
  `suf_barcode` varchar(100) NOT NULL
) ENGINE=InnoDB DEFAULT CHARSET=latin1 COLLATE=latin1_swedish_ci;

--
-- Dumping data for table `barcode`
--

INSERT INTO `barcode` (`barcode_id`, `pre_barcode`, `mid_barcode`, `suf_barcode`) VALUES
(1, 'VNHS', 1, 'LMS'),
(2, 'VNHS', 2, 'LMS'),
(3, 'VNHS', 3, 'LMS'),
(4, 'VNHS', 4, 'LMS'),
(5, 'VNHS', 5, 'LMS'),
(6, 'VNHS', 6, 'LMS'),
(7, 'VNHS', 7, 'LMS'),
(8, 'VNHS', 8, 'LMS'),
(9, 'VNHS', 8, 'LMS'),
(10, 'VNHS', 8, 'LMS'),
(11, 'VNHS', 8, 'LMS'),
(12, 'VNHS', 9, 'LMS'),
(13, 'VNHS', 10, 'LMS'),
(14, 'VNHS', 11, 'LMS'),
(15, 'VNHS', 11, 'LMS'),
(16, 'VNHS', 11, 'LMS'),
(17, 'VNHS', 11, 'LMS'),
(18, 'VNHS', 11, 'LMS'),
(19, 'VNHS', 11, 'LMS'),
(20, 'VNHS', 11, 'LMS'),
(21, 'VNHS', 11, 'LMS'),
(22, 'VNHS', 11, 'LMS'),
(23, 'VNHS', 11, 'LMS'),
(24, 'VNHS', 11, 'LMS'),
(25, 'VNHS', 11, 'LMS'),
(26, 'VNHS', 11, 'LMS'),
(27, 'VNHS', 11, 'LMS'),
(28, 'VNHS', 1, 'LMS'),
(29, 'VNHS', 1, 'LMS');

-- --------------------------------------------------------

--
-- Table structure for table `book`
--

CREATE TABLE `book` (
  `book_id` int(11) NOT NULL,
  `book_title` varchar(100) NOT NULL,
  `category_id` int(50) NOT NULL,
  `author` varchar(50) NOT NULL,
  `author_2` varchar(100) NOT NULL,
  `author_3` varchar(100) NOT NULL,
  `author_4` varchar(100) NOT NULL,
  `author_5` varchar(100) NOT NULL,
  `book_copies` int(11) NOT NULL,
  `book_pub` varchar(100) NOT NULL,
  `publisher_name` varchar(100) NOT NULL,
  `isbn` varchar(50) NOT NULL,
  `copyright_year` int(11) NOT NULL,
  `status` varchar(30) NOT NULL,
  `book_barcode` varchar(100) NOT NULL,
  `book_image` varchar(100) NOT NULL,
  `date_added` datetime NOT NULL,
  `remarks` varchar(100) NOT NULL
) ENGINE=InnoDB DEFAULT CHARSET=latin1 COLLATE=latin1_swedish_ci;

--
-- Dumping data for table `book`
--

INSERT INTO `book` (`book_id`, `book_title`, `category_id`, `author`, `author_2`, `author_3`, `author_4`, `author_5`, `book_copies`, `book_pub`, `publisher_name`, `isbn`, `copyright_year`, `status`, `book_barcode`, `book_image`, `date_added`, `remarks`) VALUES
(1, 'English Expressways : Second Year', 1, 'Virginia F. Bermudez', 'Remedios F. Nery', 'Josephine M. Cruz', 'Milagrosa A. San Juan', '', 15, '2010', 'SD Publications, INC.', '978-971-0315-72-7', 2010, 'Old', 'VNHS1LMS', 'IMG_0019.JPG', '2015-12-14 01:06:46', 'Available'),
(2, 'DAYBOOK of Critical Reading and Writing', 8, 'Fran Claggett', 'Louann Reid', 'Ruth Vinz', '', '', 20, '1978', 'Doubleday Canada Limited', '0-669-46432-5', 1978, 'Old', 'VNHS2LMS', 'IMG_0006 - Copy.JPG', '2015-12-14 01:11:06', 'Available'),
(3, 'Getting to Know-Puerto Rico', 2, 'Frances Robins', '', '', '', '', 0, 'Coward-McCann', '1967', '', 0, 'Old', 'VNHS3LMS', '', '2015-12-14 01:21:47', 'Not Available'),
(4, 'Lotta on Troublemaker Street', 2, 'Astrid Lindgren', '', '', '', '', 1, 'Aladdin Paperbacks', '2001', '0-689-84673-8', 1962, 'Replacement', 'VNHS4LMS', '', '2015-12-14 01:43:06', 'Available'),
(5, 'Great Days of Whailing', 8, 'Henry Beetle Hough', '', '', '', '', 1, '', '', '', 0, 'Damaged', 'VNHS5LMS', '', '2015-12-14 02:05:16', 'Not Available'),
(6, 'Even Big Guys Cry', 2, 'Alex Karras', '', '', '', '', 1, '', '', '', 0, 'Lost', 'VNHS6LMS', 'cherry blossom.jpg', '2015-12-14 02:05:47', 'Not Available'),
(8, 'English', 2, 'Cheryl Strayed', 'Mark Manson', '', '', '', 4, '', '', '000444', 0, 'New', 'VNHS8LMS', 'cherry blossom.jpg', '2023-05-14 23:07:04', 'Available'),
(12, 'Meditations', 2, 'Marcus Aurelius', '', '', '', '', 2, '', '', '453345', 0, 'New', 'VNHS9LMS', 'cherry blossom.jpg', '2023-05-15 00:16:38', 'Available'),
(28, '', 0, 'yrd', '', '', '', '', 0, '', '', 'tes', 0, '', 'VNHS12LMS', '', '2023-11-13 18:15:19', ''),
(29, 'abcd', 0, 'jkghjkgh', 'saddsa', '', '', '', 2, 'asdsad', 'dsaasd', '231123', 123, '', 'VNHS12LMS', '', '2023-11-13 18:47:57', '');

-- --------------------------------------------------------

--
-- Table structure for table `book_category`
--

CREATE TABLE `book_category` (
  `category_id` int(11) NOT NULL,
  `classname` varchar(50) DEFAULT NULL
) ENGINE=MyISAM DEFAULT CHARSET=utf8 COLLATE=utf8_general_ci;

--
-- Dumping data for table `book_category`
--

INSERT INTO `book_category` (`category_id`, `classname`) VALUES
(1, 'Textbook'),
(2, 'English'),
(3, 'Math'),
(4, 'Science'),
(5, 'Encyclopedia'),
(6, 'Filipiniana'),
(7, 'Novel'),
(8, 'General'),
(9, 'References');

-- --------------------------------------------------------

--
-- Table structure for table `borrow_book`
--

CREATE TABLE `borrow_book` (
  `borrow_book_id` int(11) NOT NULL,
  `user_id` int(11) NOT NULL,
  `book_id` int(11) NOT NULL,
  `date_borrowed` datetime NOT NULL,
  `due_date` datetime NOT NULL,
  `date_returned` datetime NOT NULL,
  `borrowed_status` varchar(100) NOT NULL,
  `book_penalty` varchar(100) NOT NULL
) ENGINE=InnoDB DEFAULT CHARSET=latin1 COLLATE=latin1_swedish_ci;

--
-- Dumping data for table `borrow_book`
--

INSERT INTO `borrow_book` (`borrow_book_id`, `user_id`, `book_id`, `date_borrowed`, `due_date`, `date_returned`, `borrowed_status`, `book_penalty`) VALUES
(1, 2, 7, '2015-11-14 02:50:27', '2015-11-17 02:50:27', '2015-12-14 02:57:34', 'returned', '27'),
(2, 215037, 2, '2015-11-14 02:50:58', '2015-11-17 02:50:58', '2015-12-14 02:57:37', 'borrowed', '27'),
(3, 4, 7, '2015-12-14 02:51:59', '2015-12-17 02:51:59', '2015-12-14 02:57:45', 'returned', 'No Penalty'),
(4, 4, 3, '2015-12-14 02:53:15', '2015-12-17 02:53:15', '2015-12-14 02:57:48', 'returned', 'No Penalty'),
(5, 17, 7, '2015-12-14 03:08:49', '2015-12-17 03:08:49', '0000-00-00 00:00:00', 'borrowed', ''),
(6, 4, 7, '2015-12-14 03:08:59', '2015-12-17 03:08:59', '0000-00-00 00:00:00', 'borrowed', ''),
(7, 20, 7, '2015-12-14 03:09:07', '2015-12-17 03:09:07', '0000-00-00 00:00:00', 'borrowed', ''),
(8, 14, 4, '2015-12-14 08:32:14', '2015-12-17 08:32:14', '2023-05-17 22:51:58', 'returned', '2709'),
(9, 11, 12, '2023-05-16 22:51:40', '2023-05-19 22:51:40', '2023-05-17 01:26:37', 'returned', 'No Penalty'),
(10, 7, 3, '2023-05-17 22:40:05', '2023-05-20 22:40:05', '2023-05-17 22:43:57', 'returned', 'No Penalty'),
(11, 5, 12, '2023-05-17 22:44:44', '2023-05-20 22:44:44', '0000-00-00 00:00:00', 'borrowed', ''),
(12, 19, 8, '2023-05-17 22:52:25', '2023-05-20 22:52:25', '0000-00-00 00:00:00', 'borrowed', ''),
(13, 13, 12, '2023-05-17 22:54:54', '2023-05-20 22:54:54', '2023-05-17 22:55:03', 'returned', 'No Penalty'),
(14, 10, 8, '2023-05-17 23:25:43', '2023-05-20 23:25:43', '2023-05-17 23:25:49', 'returned', 'No Penalty'),
(15, 18, 3, '2023-05-17 23:30:44', '2023-05-20 23:30:44', '2023-05-17 23:30:50', 'returned', 'No Penalty'),
(16, 9, 8, '2023-05-20 23:30:32', '2023-05-27 23:30:32', '2023-05-20 23:30:44', 'returned', 'No Penalty'),
(17, 6, 3, '2023-05-21 22:31:47', '2023-05-28 22:31:47', '0000-00-00 00:00:00', 'borrowed', ''),
(18, 6, 12, '2023-05-21 22:33:26', '2023-05-28 22:33:26', '0000-00-00 00:00:00', 'borrowed', ''),
(19, 5, 4, '2023-05-21 22:45:00', '2023-05-28 22:45:00', '0000-00-00 00:00:00', 'borrowed', ''),
(20, 1, 12, '2023-11-03 21:19:17', '2023-11-10 21:19:17', '2023-11-03 21:19:44', 'returned', 'No Penalty'),
(21, 1, 8, '2023-11-03 21:27:51', '2023-11-10 21:27:51', '2023-11-03 21:28:05', 'returned', 'No Penalty');

-- --------------------------------------------------------

--
-- Table structure for table `cafe_categories`
--

CREATE TABLE `cafe_categories` (
  `categorieId` int(12) NOT NULL,
  `categorieName` varchar(255) NOT NULL,
  `categorieDesc` text NOT NULL,
  `categorieCreateDate` datetime NOT NULL DEFAULT current_timestamp()
) ENGINE=InnoDB DEFAULT CHARSET=utf8mb4 COLLATE=utf8mb4_general_ci;

--
-- Dumping data for table `cafe_categories`
--

INSERT INTO `cafe_categories` (`categorieId`, `categorieName`, `categorieDesc`, `categorieCreateDate`) VALUES
(1, 'VEG PIZZA', 'A delight for veggie lovers! Choose from our wide range of delicious vegetarian pizzas, it\'s softer and tastier', '2021-03-17 18:16:28'),
(2, 'NON-VEG PIZZA', 'Choose your favourite non-veg pizzas from the Domino\'s Pizza menu. Get fresh non-veg pizza with your choice of crusts & toppings', '2021-03-17 18:17:14'),
(3, 'PIZZA MANIA', 'Indulge into mouth-watering taste of Pizza mania range, perfect answer to all your food cravings', '2021-03-17 18:17:43'),
(4, 'SIDES ORDERS', 'Complement your pizza with wide range of sides available at Domino\'s Pizza India', '2021-03-17 18:19:10'),
(5, 'BEVERAGES', 'Complement your pizza with wide range of beverages available at Domino\'s Pizza India', '2021-03-17 21:58:58'),
(6, 'CHOICE OF CRUSTS', 'Fresh Pan Pizza Tastiest Pan Pizza. ... Domino\'s freshly made pan-baked pizza; deliciously soft ,buttery,extra cheesy and delightfully crunchy.', '2021-03-18 07:55:28'),
(7, 'BURGER PIZZA', 'Domino’s  Introducing all new Burger Pizza with the tag line looks like a burger, tastes like a pizza. Burger Pizza is burger sized but comes in a small pizza box. It is come with pizza toppings such as herbs, vegetables, tomato sauce and mozzarella,', '2021-03-18 08:06:30');

-- --------------------------------------------------------

--
-- Table structure for table `cafe_contact`
--

CREATE TABLE `cafe_contact` (
  `contactId` int(21) NOT NULL,
  `userId` int(21) NOT NULL,
  `email` varchar(35) NOT NULL,
  `phoneNo` bigint(21) NOT NULL,
  `orderId` int(21) NOT NULL DEFAULT 0 COMMENT 'If problem is not related to the order then order id = 0',
  `message` text NOT NULL,
  `time` datetime NOT NULL DEFAULT current_timestamp()
) ENGINE=InnoDB DEFAULT CHARSET=utf8mb4 COLLATE=utf8mb4_general_ci;

-- --------------------------------------------------------

--
-- Table structure for table `cafe_orders`
--

CREATE TABLE `cafe_orders` (
  `orderId` int(21) NOT NULL,
  `userId` int(21) NOT NULL,
  `address` varchar(255) NOT NULL,
  `zipCode` int(21) NOT NULL,
  `phoneNo` bigint(21) NOT NULL,
  `amount` int(200) NOT NULL,
  `paymentMode` enum('0','1') NOT NULL DEFAULT '0' COMMENT '0=cash on delivery, \r\n1=online ',
  `orderStatus` enum('0','1','2','3','4','5','6') NOT NULL DEFAULT '0' COMMENT '0=Order Placed.\r\n1=Order Confirmed.\r\n2=Preparing your Order.\r\n3=Your order is on the way!\r\n4=Order Delivered.\r\n5=Order Denied.\r\n6=Order Cancelled.',
  `orderDate` datetime NOT NULL DEFAULT current_timestamp()
) ENGINE=InnoDB DEFAULT CHARSET=utf8mb4 COLLATE=utf8mb4_general_ci;

--
-- Dumping data for table `cafe_orders`
--

INSERT INTO `cafe_orders` (`orderId`, `userId`, `address`, `zipCode`, `phoneNo`, `amount`, `paymentMode`, `orderStatus`, `orderDate`) VALUES
(12, 215037, 'test', 12, 213, 21, '1', '2', '2024-01-07 13:15:57');

-- --------------------------------------------------------

--
-- Table structure for table `cafe_product`
--

CREATE TABLE `cafe_product` (
  `productId` int(12) NOT NULL,
  `productName` varchar(255) NOT NULL,
  `productPrice` int(12) NOT NULL,
  `productDesc` text NOT NULL,
  `productCategorieId` int(12) NOT NULL,
  `productPubDate` datetime NOT NULL DEFAULT current_timestamp()
) ENGINE=InnoDB DEFAULT CHARSET=utf8mb4 COLLATE=utf8mb4_general_ci;

--
-- Dumping data for table `cafe_product`
--

INSERT INTO `cafe_product` (`productId`, `productName`, `productPrice`, `productDesc`, `productCategorieId`, `productPubDate`) VALUES
(1, 'Margh', 99, 'A hugely popular margherita, with a deliciously tangy single cheese topping\r\n\r\n', 1, '2021-03-17 21:03:26'),
(2, 'Double Cheese Margherita', 199, 'The ever-popular Margherita - loaded with extra cheese... oodies of it', 1, '2021-03-17 21:20:58'),
(3, 'Farm House\r\n', 149, 'A pizza that goes ballistic on veggies! Check out this mouth watering overload of crunchy, crisp capsicum, succulent mushrooms and fresh tomatoes\r\n\r\n', 1, '2021-03-17 21:22:07'),
(4, 'Peppy Paneer', 249, 'Chunky paneer with crisp capsicum and spicy red pepper - quite a mouthful!\r\n\r\n', 1, '2021-03-17 21:23:05'),
(5, 'Mexican Green Wave\r\n', 149, 'A pizza loaded with crunchy onions, crisp capsicum, juicy tomatoes and jalapeno with a liberal sprinkling of exotic Mexican herbs.\r\n\r\n', 1, '2021-03-17 21:23:48'),
(6, 'Deluxe Veggie\r\n', 319, 'For a vegetarian looking for a BIG treat that goes easy on the spices, this one\'s got it all.. The onions, the capsicum, those delectable mushrooms - with paneer and golden corn to top it all.\r\n\r\n', 1, '2021-03-17 21:24:38'),
(7, 'Veg Extravaganza\r\n', 299, 'A pizza that decidedly staggers under an overload of golden corn, exotic black olives, crunchy onions, crisp capsicum, succulent mushrooms, juicyfresh tomatoes and jalapeno - with extra cheese to go all around.\r\n\r\n', 1, '2021-03-17 21:25:42'),
(8, 'Cheese N Corn\r\n', 199, 'Cheese I Golden Corn', 1, '2021-03-17 21:26:31'),
(9, 'PANEER MAKHANI\r\n', 219, 'Paneer and Capsicum on Makhani Sauce', 1, '2021-03-17 21:27:21'),
(10, 'VEGGIE PARADISE\r\n', 299, 'Goldern Corn, Black Olives, Capsicum & Red Paprika\r\n\r\n', 1, '2021-03-17 21:28:06'),
(11, 'FRESH VEGGIE', 149, 'Onion I Capsicum', 1, '2021-03-17 21:28:49'),
(12, 'Indi Tandoori Paneer\r\n', 349, 'It is hot. It is spicy. It is oh-so-Indian. Tandoori paneer with capsicum I red paprika I mint mayo\r\n\r\n', 1, '2021-03-17 21:29:41'),
(13, 'PEPPER BARBECUE CHICKEN', 199, 'Pepper Barbecue Chicken I Cheese', 2, '2021-03-17 21:34:37'),
(14, 'CHICKEN SAUSAGE', 249, 'Chicken Sausage I Cheese', 2, '2021-03-17 21:35:31'),
(15, 'Chicken Golden Delight\r\n', 249, 'Mmm! Barbeque chicken with a topping of golden corn loaded with extra cheese. Worth its weight in gold!\r\n\r\n', 2, '2021-03-17 21:36:36'),
(16, 'Non Veg Supreme\r\n', 399, 'Bite into supreme delight of Black Olives, Onions, Grilled Mushrooms, Pepper BBQ Chicken, Peri-Peri Chicken, Grilled Chicken Rashers\r\n\r\n', 2, '2021-03-17 21:37:21'),
(17, 'Chicken Dominator', 319, 'Treat your taste buds with Double Pepper Barbecue Chicken, Peri-Peri Chicken, Chicken Tikka & Grilled Chicken Rashers', 2, '2021-03-17 21:38:13'),
(18, 'PEPPER BARBECUE & ONION\r\n', 249, 'Pepper Barbecue Chicken I Onion', 2, '2021-03-17 21:39:49'),
(19, 'CHICKEN FIESTA', 199, 'Grilled Chicken Rashers I Peri-Peri Chicken I Onion I Capsicum', 2, '2021-03-17 21:40:58'),
(20, 'Indi Chicken Tikka', 349, 'The wholesome flavour of tandoori masala with Chicken tikka I onion I red paprika I mint mayo', 2, '2021-03-17 21:41:49'),
(21, 'TOMATO', 99, 'Juicy tomato in a flavourful combination with cheese I tangy sauce', 3, '2021-03-17 21:44:44'),
(22, 'VEG LOADED', 149, 'Tomato | Grilled Mushroom |Jalapeno |Golden Corn | Beans in a fresh pan crust', 3, '2021-03-17 21:45:34'),
(23, 'CHEESY', 99, 'Orange Cheddar Cheese I Mozzarella', 3, '2021-03-17 21:46:21'),
(24, 'CAPSICUM', 99, 'Capsicum', 3, '2021-03-17 21:47:07'),
(25, 'ONION', 99, 'onion', 3, '2021-03-17 21:47:51'),
(26, 'GOLDEN CORN', 139, 'Golden Corn', 3, '2021-03-17 21:48:44'),
(27, 'PANEER & ONION', 149, 'Creamy Paneer | Onion', 3, '2021-03-17 21:49:36'),
(28, 'CHEESE N TOMATO', 149, 'A delectable combination of cheese and juicy tomato', 3, '2021-03-17 21:50:20'),
(29, 'Garlic Breadsticks', 99, 'The endearing tang of garlic in breadstics baked to perfection.', 4, '2021-03-17 22:01:33'),
(30, 'Stuffed Garlic Bread', 99, 'Freshly Baked Garlic Bread stuffed with mozzarella cheese, sweet corns & tangy and spicy jalapeños', 4, '2021-03-17 22:02:50'),
(31, 'Veg Pasta Italiano White', 99, 'Penne Pasta tossed with extra virgin olive oil, exotic herbs & a generous helping of new flavoured sauce.', 4, '2021-03-17 22:03:44'),
(32, 'Non Veg Pasta Italiano White', 99, 'Penne Pasta tossed with extra virgin olive oil, exotic herbs & a generous helping of new flavoured sauce.', 4, '2021-03-17 22:05:08'),
(33, 'Cheese Jalapeno Dip', 35, 'A soft creamy cheese dip spiced with jalapeno.', 4, '2021-03-17 22:06:06'),
(34, 'Cheese Dip', 35, 'A dreamy creamy cheese dip to add that extra tang to your snack.', 4, '2021-03-17 22:06:59'),
(35, 'Lava Cake', 99, 'Filled with delecious molten chocolate inside.', 4, '2021-03-17 22:08:13'),
(36, 'Butterscotch Mousse Cake', 149, 'A Creamy & Chocolaty indulgence with layers of rich, fluffy Butterscotch Cream and delicious Dark Chocolate Cake, topped with crunchy Dark Chocolate morsels - for a perfect dessert treat!', 4, '2021-03-17 22:08:58'),
(37, 'Lipton Ice Tea', 25, ' 250ml', 5, '2021-03-17 22:12:53'),
(38, 'Mirinda', 35, '500ml', 5, '2021-03-17 22:13:38'),
(39, 'PEPSI BLACK CAN', 45, 'PEPSI BLACK CAN', 5, '2021-03-17 22:14:24'),
(40, 'Pepsi\r\n', 52, '500ml', 5, '2021-03-17 22:16:29'),
(41, '7Up', 52, '500ml', 5, '2021-03-17 22:17:08'),
(42, 'Cheese Burst', 249, 'Crust with oodles of yummy liquid cheese filled inside.', 6, '2021-03-18 07:57:27'),
(43, 'Classic Hand Tossed', 249, 'Dominos traditional hand stretched crust, crisp on outside, soft & light inside.', 6, '2021-03-18 07:59:52'),
(44, 'Wheat Thin Crust', 299, 'Presenting the light healthier and delicious light wheat thin crust from Dominos.', 6, '2021-03-18 08:00:39'),
(45, 'Fresh Pan Pizza', 299, 'Tastiest Pan Pizza.Ever.\r\nDomino’s freshly made pan-baked pizza; deliciously soft ,buttery,extra cheesy and delightfully crunchy.', 6, '2021-03-18 08:01:29'),
(46, 'New Hand Tossed', 299, 'Classic Domino\'s crust. Fresh, hand stretched.', 6, '2021-03-18 08:03:17'),
(47, 'BURGER PIZZA- CLASSIC VEG', 129, 'Bite into delight! Witness the epic combination of pizza and burger with our classic Burger Pizza, that looks good and tastes great!', 7, '2021-03-18 08:09:17'),
(48, 'BURGER PIZZA- PREMIUM VEG', 139, 'The good just got better! Treat yourself to the premium taste of the Burger Pizza, that looks good and tastes great with paneer and red paprika.', 7, '2021-03-18 08:09:59'),
(49, 'BURGER PIZZA- CLASSIC NON VEG', 149, 'For all the meat cravers, try the classic non-veg Burger Pizza loaded with the goodness of burger and the greatness of pizza.', 7, '2021-03-18 08:10:37'),
(50, 'Extra Cheese', 35, 'Extra Cheese', 8, '2021-03-18 08:14:52'),
(51, 'veg toppings', 55, 'Black Olives, Crisp Capsicum, Paneer, Mushroom, Golden Corn, Fresh Tomato, Jalapeno, Red Pepper & Babycorn.', 8, '2021-03-18 08:15:36'),
(52, 'Non Veg Toppings', 55, 'Barbeque Chicken, Hot \'n\' Spicy Chicken,Chunky Chicken and Chicken Salami.', 8, '2021-03-18 08:16:29'),
(53, 'Packaged Drinking Water', 20, 'Drinking Water	', 5, '2021-03-18 08:20:40'),
(69, 'meowwwwwww', 47, 'meowww', 2, '2023-11-28 17:13:21'),
(70, 'masala dosa', 150, 'sd', 23, '2023-12-05 16:53:10');

-- --------------------------------------------------------

--
-- Table structure for table `class_result`
--

CREATE TABLE `class_result` (
  `class_result_id` int(11) NOT NULL,
  `roll_no` varchar(30) NOT NULL,
  `course_code` varchar(30) NOT NULL,
  `subject_code` varchar(10) NOT NULL,
  `semester` varchar(11) NOT NULL,
  `total_marks` varchar(11) NOT NULL,
  `obtain_marks` varchar(11) NOT NULL,
  `result_date` varchar(10) NOT NULL
) ENGINE=InnoDB DEFAULT CHARSET=latin1 COLLATE=latin1_swedish_ci;

--
-- Dumping data for table `class_result`
--

INSERT INTO `class_result` (`class_result_id`, `roll_no`, `course_code`, `subject_code`, `semester`, `total_marks`, `obtain_marks`, `result_date`) VALUES
(1, 'MCS-S19-1', 'MCS', 'OOP', '2', '100', '98', '10-03-20'),
(2, '25', 'MCS', 'OOP', '2', '100', '93', '10-03-20'),
(3, '27', 'MCS', 'OOP', '2', '100', '92', '10-03-20'),
(4, '29', 'MCS', 'OOP', '2', '100', '98', '10-03-20'),
(5, '31', 'MCS', 'OOP', '2', '100', '96', '10-03-20'),
(6, '33', 'MCS', 'OOP', '2', '100', '97', '10-03-20'),
(7, '34', 'MCS', 'OOP', '2', '100', '94', '10-03-20'),
(8, '35', 'MCS', 'OOP', '2', '100', '91', '10-03-20'),
(9, '36', 'MCS', 'OOP', '2', '100', '90', '10-03-20'),
(10, 'MCS-S19-1', 'MCS', 'DBMS', '2', '100', '98', '10-03-20');

-- --------------------------------------------------------

--
-- Table structure for table `contact`
--

CREATE TABLE `contact` (
  `name` varchar(30) NOT NULL,
  `email` text NOT NULL,
  `contact` varchar(10) NOT NULL,
  `message` varchar(200) NOT NULL
) ENGINE=InnoDB DEFAULT CHARSET=latin1 COLLATE=latin1_swedish_ci;

--
-- Dumping data for table `contact`
--

INSERT INTO `contact` (`name`, `email`, `contact`, `message`) VALUES
('Demo', 'demo@demail.com', '7014500000', 'this is a demo test');

-- --------------------------------------------------------

--
-- Table structure for table `contactreply`
--

CREATE TABLE `contactreply` (
  `id` int(21) NOT NULL,
  `contactId` int(21) NOT NULL,
  `userId` int(23) NOT NULL,
  `message` text NOT NULL,
  `datetime` datetime NOT NULL DEFAULT current_timestamp()
) ENGINE=InnoDB DEFAULT CHARSET=utf8mb4 COLLATE=utf8mb4_general_ci;

-- --------------------------------------------------------

--
-- Table structure for table `counsel_appointmenttb`
--

CREATE TABLE `counsel_appointmenttb` (
  `pid` int(11) NOT NULL,
  `ID` int(11) NOT NULL,
  `fname` varchar(20) NOT NULL,
  `lname` varchar(20) NOT NULL,
  `gender` varchar(10) NOT NULL,
  `email` varchar(30) NOT NULL,
  `contact` varchar(10) NOT NULL,
  `counsel` varchar(30) NOT NULL,
  `counselfees` int(5) NOT NULL,
  `appdate` date NOT NULL,
  `apptime` time NOT NULL,
  `userStatus` int(5) NOT NULL,
  `counselStatus` int(5) NOT NULL
) ENGINE=InnoDB DEFAULT CHARSET=latin1 COLLATE=latin1_swedish_ci;

--
-- Dumping data for table `counsel_appointmenttb`
--

INSERT INTO `counsel_appointmenttb` (`pid`, `ID`, `fname`, `lname`, `gender`, `email`, `contact`, `counsel`, `counselfees`, `appdate`, `apptime`, `userStatus`, `counselStatus`) VALUES
(12, 14, 'Liam', 'Moore', 'Male', 'liam@gmail.com', '7412225680', 'WillWilliams', 435, '2021-07-06', '10:00:00', 1, 1),
(1, 15, 'Curtis', 'Hicks', 'Male', 'curtis@gmail.com', '7410000010', 'ryan', 440, '2021-07-05', '14:00:00', 0, 1),
(1, 16, 'Curtis', 'Hicks', 'Male', 'curtis@gmail.com', '7410000010', 'ryan', 440, '2021-07-05', '10:00:00', 1, 1),
(11, 17, 'Kathryn', 'Anderson', 'Female', 'kathryn@gmail.com', '7850002580', 'lewis', 280, '2021-07-05', '10:00:00', 1, 1),
(13, 18, 'Brian', 'Rowe', 'Male', 'brian@gmail.com', '7012569999', 'Ralph', 450, '2021-07-06', '08:00:00', 1, 1);

-- --------------------------------------------------------

--
-- Table structure for table `counsel_prestb`
--

CREATE TABLE `counsel_prestb` (
  `counsel` varchar(50) NOT NULL,
  `pid` int(11) NOT NULL,
  `ID` int(11) NOT NULL,
  `fname` varchar(50) NOT NULL,
  `lname` varchar(50) NOT NULL,
  `appdate` date NOT NULL,
  `apptime` time NOT NULL,
  `disease` varchar(250) NOT NULL,
  `allergy` varchar(250) NOT NULL,
  `prescription` varchar(1000) NOT NULL
) ENGINE=InnoDB DEFAULT CHARSET=latin1 COLLATE=latin1_swedish_ci;

--
-- Dumping data for table `counsel_prestb`
--

INSERT INTO `counsel_prestb` (`counsel`, `pid`, `ID`, `fname`, `lname`, `appdate`, `apptime`, `disease`, `allergy`, `prescription`) VALUES
('WillWilliams', 12, 14, 'Liam', 'Moore', '2021-07-06', '10:00:00', 'Congenital heart disease', 'rhinoconjunctivitis', 'trandolapril (Mavik)'),
('ryan', 1, 16, 'Curtis', 'Hicks', '2021-07-05', '10:00:00', 'Tuberculosis', 'lumpy rash on the legs - or lupus vulgaris which gives lumps or ulcers', 'Isoniazid, Ethambutol (Myambutol), Linezolid (Zyvox)'),
('lewis', 11, 17, 'Kathryn', 'Anderson', '2021-07-05', '10:00:00', 'Ovarian cysts', '00000000', 'Narcotic analgesics and nonsteroidal anti-inflammatory drugs'),
('Ralph', 13, 18, 'Brian', 'Rowe', '2021-07-06', '08:00:00', 'Cerebral Aneurysm', '0000000', 'Nimodipine - empty stomach, at least 1 hour before a meal or 2 hours after a meal');

-- --------------------------------------------------------

--
-- Table structure for table `courses`
--

CREATE TABLE `courses` (
  `course_code` varchar(10) NOT NULL,
  `course_name` varchar(50) NOT NULL,
  `semester_or_year` varchar(10) NOT NULL,
  `no_of_year` int(10) NOT NULL
) ENGINE=InnoDB DEFAULT CHARSET=utf8mb4 COLLATE=utf8mb4_general_ci;

--
-- Dumping data for table `courses`
--

INSERT INTO `courses` (`course_code`, `course_name`, `semester_or_year`, `no_of_year`) VALUES
('1231', 'aasd', '12', 1),
('2', 'a', '2', 3);

-- --------------------------------------------------------

--
-- Table structure for table `course_subjects`
--

CREATE TABLE `course_subjects` (
  `subject_code` varchar(10) NOT NULL,
  `subject_name` varchar(50) NOT NULL,
  `course_code` varchar(10) NOT NULL,
  `semester` int(10) NOT NULL,
  `credit_hours` int(5) NOT NULL
) ENGINE=InnoDB DEFAULT CHARSET=utf8mb4 COLLATE=utf8mb4_general_ci;

--
-- Dumping data for table `course_subjects`
--

INSERT INTO `course_subjects` (`subject_code`, `subject_name`, `course_code`, `semester`, `credit_hours`) VALUES
('123', 'asdasd', '123123123', 2, 15);

-- --------------------------------------------------------

--
-- Table structure for table `criteria_list`
--

CREATE TABLE `criteria_list` (
  `id` int(30) NOT NULL,
  `criteria` text NOT NULL,
  `order_by` int(30) NOT NULL
) ENGINE=InnoDB DEFAULT CHARSET=utf8mb4 COLLATE=utf8mb4_general_ci;

--
-- Dumping data for table `criteria_list`
--

INSERT INTO `criteria_list` (`id`, `criteria`, `order_by`) VALUES
(1, 'Criteria 101', 0),
(2, 'Criteria 102', 1),
(4, 'fsff', 2);

-- --------------------------------------------------------

--
-- Table structure for table `deliverydetails`
--

CREATE TABLE `deliverydetails` (
  `id` int(21) NOT NULL,
  `orderId` int(21) NOT NULL,
  `deliveryBoyName` varchar(35) NOT NULL,
  `deliveryBoyPhoneNo` bigint(25) NOT NULL,
  `deliveryTime` int(200) NOT NULL COMMENT 'Time in minutes',
  `dateTime` datetime NOT NULL DEFAULT current_timestamp()
) ENGINE=InnoDB DEFAULT CHARSET=utf8mb4 COLLATE=utf8mb4_general_ci;

-- --------------------------------------------------------

--
-- Table structure for table `evaluation_answers`
--

CREATE TABLE `evaluation_answers` (
  `evaluation_id` int(30) NOT NULL,
  `question_id` int(30) NOT NULL,
  `rate` int(20) NOT NULL
) ENGINE=InnoDB DEFAULT CHARSET=utf8mb4 COLLATE=utf8mb4_general_ci;

--
-- Dumping data for table `evaluation_answers`
--

INSERT INTO `evaluation_answers` (`evaluation_id`, `question_id`, `rate`) VALUES
(1, 1, 5),
(1, 6, 4),
(1, 3, 5),
(2, 1, 5),
(2, 6, 5),
(2, 3, 4),
(3, 1, 5),
(3, 6, 5),
(3, 3, 4);

-- --------------------------------------------------------

--
-- Table structure for table `evaluation_list`
--

CREATE TABLE `evaluation_list` (
  `evaluation_id` int(30) NOT NULL,
  `academic_id` int(30) NOT NULL,
  `class_id` int(30) NOT NULL,
  `student_id` int(30) NOT NULL,
  `subject_id` int(30) NOT NULL,
  `faculty_id` int(30) NOT NULL,
  `restriction_id` int(30) NOT NULL,
  `date_taken` datetime NOT NULL DEFAULT current_timestamp()
) ENGINE=InnoDB DEFAULT CHARSET=utf8mb4 COLLATE=utf8mb4_general_ci;

--
-- Dumping data for table `evaluation_list`
--

INSERT INTO `evaluation_list` (`evaluation_id`, `academic_id`, `class_id`, `student_id`, `subject_id`, `faculty_id`, `restriction_id`, `date_taken`) VALUES
(1, 3, 1, 1, 1, 1, 8, '2020-12-15 16:26:51'),
(2, 3, 2, 2, 2, 1, 9, '2020-12-15 16:33:37'),
(3, 3, 1, 3, 1, 1, 8, '2020-12-15 20:18:49');

-- --------------------------------------------------------

--
-- Table structure for table `exam_answers`
--

CREATE TABLE `exam_answers` (
  `exans_id` int(11) NOT NULL,
  `axmne_id` int(11) NOT NULL,
  `exam_id` int(11) NOT NULL,
  `quest_id` int(11) NOT NULL,
  `exans_answer` varchar(1000) NOT NULL,
  `exans_status` varchar(1000) NOT NULL DEFAULT 'new',
  `exans_created` timestamp NOT NULL DEFAULT current_timestamp() ON UPDATE current_timestamp()
) ENGINE=InnoDB DEFAULT CHARSET=latin1 COLLATE=latin1_swedish_ci;

--
-- Dumping data for table `exam_answers`
--

INSERT INTO `exam_answers` (`exans_id`, `axmne_id`, `exam_id`, `quest_id`, `exans_answer`, `exans_status`, `exans_created`) VALUES
(295, 4, 12, 25, 'Diode, inverted, pointer', 'old', '2019-12-06 21:22:14'),
(296, 4, 12, 16, 'Data Block', 'old', '2019-12-06 21:22:14'),
(297, 6, 12, 18, 'Programmable Logic Controller', 'old', '2019-12-05 07:29:47'),
(298, 6, 12, 9, '1850s', 'old', '2019-12-05 07:29:47'),
(299, 6, 12, 24, '1976', 'old', '2019-12-05 07:29:47'),
(300, 6, 12, 14, 'Operating System', 'old', '2019-12-05 07:29:47'),
(301, 6, 12, 19, 'WAN (Wide Area Network)', 'old', '2019-12-05 07:29:47'),
(302, 6, 11, 28, 'fds', 'old', '2023-04-23 04:53:37'),
(303, 6, 11, 29, 'sd', 'old', '2023-04-23 04:53:37'),
(304, 6, 12, 15, 'David Filo & Jerry Yang', 'new', '2019-12-05 07:29:47'),
(305, 6, 12, 17, 'System file', 'new', '2019-12-05 07:29:47'),
(306, 6, 12, 10, 'Field', 'new', '2019-12-05 07:29:47'),
(307, 6, 12, 9, '1880s', 'new', '2019-12-05 07:29:47'),
(308, 6, 12, 21, 'Temporary file', 'new', '2019-12-05 07:29:47'),
(309, 4, 11, 28, 'q1', 'new', '2019-12-05 08:00:21'),
(310, 4, 11, 29, 'dfg', 'new', '2019-12-05 08:00:21'),
(311, 4, 12, 16, 'Data Block', 'new', '2019-12-06 21:22:14'),
(312, 4, 12, 20, 'Plancks radiation', 'new', '2019-12-06 21:22:14'),
(313, 4, 12, 10, 'Report', 'new', '2019-12-06 21:22:14'),
(314, 4, 12, 24, '1976', 'new', '2019-12-06 21:22:14'),
(315, 4, 12, 9, '1930s', 'new', '2019-12-06 21:22:14'),
(316, 8, 12, 18, 'Programmable Lift Computer', 'new', '2020-01-04 21:48:35'),
(317, 8, 12, 14, 'Operating System', 'new', '2020-01-04 21:48:35'),
(318, 8, 12, 20, 'Einstein oscillation', 'new', '2020-01-04 21:48:35'),
(319, 8, 12, 21, 'Temporary file', 'new', '2020-01-04 21:48:35'),
(320, 8, 12, 25, 'Diode, inverted, pointer', 'new', '2020-01-04 21:48:35'),
(321, 6, 11, 29, 'asd', 'new', '2023-04-23 04:53:37'),
(322, 6, 11, 30, 'fgh', 'new', '2023-04-23 04:53:37'),
(323, 8, 11, 28, 'ytu', 'new', '2023-05-06 08:57:00'),
(324, 8, 11, 30, 'asd', 'new', '2023-05-06 08:57:00'),
(325, 6, 26, 32, 'meoww', 'new', '2023-12-03 04:04:12');

-- --------------------------------------------------------

--
-- Table structure for table `exam_attempt`
--

CREATE TABLE `exam_attempt` (
  `examat_id` int(11) NOT NULL,
  `exmne_id` int(11) NOT NULL,
  `exam_id` int(11) NOT NULL,
  `examat_status` varchar(1000) NOT NULL DEFAULT 'used'
) ENGINE=InnoDB DEFAULT CHARSET=latin1 COLLATE=latin1_swedish_ci;

--
-- Dumping data for table `exam_attempt`
--

INSERT INTO `exam_attempt` (`examat_id`, `exmne_id`, `exam_id`, `examat_status`) VALUES
(51, 6, 12, 'used'),
(52, 4, 11, 'used'),
(53, 4, 12, 'used'),
(54, 8, 12, 'used'),
(55, 6, 11, 'used'),
(56, 8, 11, 'used'),
(57, 6, 26, 'used');

-- --------------------------------------------------------

--
-- Table structure for table `exam_question_tbl`
--

CREATE TABLE `exam_question_tbl` (
  `eqt_id` int(11) NOT NULL,
  `exam_id` int(11) NOT NULL,
  `exam_question` varchar(1000) NOT NULL,
  `exam_ch1` varchar(1000) NOT NULL,
  `exam_ch2` varchar(1000) NOT NULL,
  `exam_ch3` varchar(1000) NOT NULL,
  `exam_ch4` varchar(1000) NOT NULL,
  `exam_answer` varchar(1000) NOT NULL,
  `exam_status` varchar(1000) NOT NULL DEFAULT 'active'
) ENGINE=InnoDB DEFAULT CHARSET=latin1 COLLATE=latin1_swedish_ci;

--
-- Dumping data for table `exam_question_tbl`
--

INSERT INTO `exam_question_tbl` (`eqt_id`, `exam_id`, `exam_question`, `exam_ch1`, `exam_ch2`, `exam_ch3`, `exam_ch4`, `exam_answer`, `exam_status`) VALUES
(9, 12, 'In which decade was the American Institute of Electrical Engineers (AIEE) founded?', '1850s', '1880s', '1930s', '1950s', '1880s', 'active'),
(10, 12, 'What is part of a database that holds only one type of information?', 'Report', 'Field', 'Record', 'File', 'Field', 'active'),
(14, 12, 'OS computer abbreviation usually means ?', 'Order of Significance', 'Open Software', 'Operating System', 'Optical Sensor', 'Operating System', 'active'),
(15, 12, 'Who developed Yahoo?', 'Dennis Ritchie & Ken Thompson', 'David Filo & Jerry Yang', 'Vint Cerf & Robert Kahn', 'Steve Case & Jeff Bezos', 'David Filo & Jerry Yang', 'active'),
(16, 12, 'DB computer abbreviation usually means ?', 'Database', 'Double Byte', 'Data Block', 'Driver Boot', 'Database', 'active'),
(17, 12, '.INI extension refers usually to what kind of file?', 'Image file', 'System file', 'Hypertext related file', 'Image Color Matching Profile file', 'System file', 'active'),
(18, 12, 'What does the term PLC stand for?', 'Programmable Lift Computer', 'Program List Control', 'Programmable Logic Controller', 'Piezo Lamp Connector', 'Programmable Logic Controller', 'active'),
(19, 12, 'What do we call a network whose elements may be separated by some distance? It usually involves two or more small networks and dedicated high-speed telephone lines.', 'URL (Universal Resource Locator)', 'LAN (Local Area Network)', 'WAN (Wide Area Network)', 'World Wide Web', 'WAN (Wide Area Network)', 'active'),
(20, 12, 'After the first photons of light are produced, which process is responsible for amplification of the light?', 'Blackbody radiation', 'Stimulated emission', 'Plancks radiation', 'Einstein oscillation', 'Stimulated emission', 'active'),
(21, 12, '.TMP extension refers usually to what kind of file?', 'Compressed Archive file', 'Image file', 'Temporary file', 'Audio file', 'Temporary file', 'active'),
(22, 12, 'What do we call a collection of two or more computers that are located within a limited distance of each other and that are connected to each other directly or indirectly?', 'Inernet', 'Interanet', 'Local Area Network', 'Wide Area Network', 'Local Area Network', 'active'),
(24, 12, '	 In what year was the \"@\" chosen for its use in e-mail addresses?', '1976', '1972', '1980', '1984', '1972', 'active'),
(25, 12, 'What are three types of lasers?', 'Gas, metal vapor, rock', 'Pointer, diode, CD', 'Diode, inverted, pointer', 'Gas, solid state, diode', 'Gas, solid state, diode', 'active'),
(27, 15, 'asdasd', 'dsf', 'sd', 'yui', 'sdf', 'yui', 'active'),
(28, 11, 'Question 1', 'q1', 'asd', 'fds', 'ytu', 'q1', 'active'),
(29, 11, 'Question 2', 'asd', 'sd', 'q2', 'dfg', 'q2', 'active'),
(30, 11, 'Question 3', 'sd', 'q3', 'asd', 'fgh', 'q3', 'active'),
(31, 24, '332sdfd', 'd', 'df', 'd', 'd', 'df', 'active'),
(32, 26, 'Meow', 'a', 'd', 'd', 'meoww', 'meoww', 'active');

-- --------------------------------------------------------

--
-- Table structure for table `exam_tbl`
--

CREATE TABLE `exam_tbl` (
  `ex_id` int(11) NOT NULL,
  `cou_id` int(11) NOT NULL,
  `ex_title` varchar(1000) NOT NULL,
  `ex_time_limit` varchar(1000) NOT NULL,
  `ex_questlimit_display` int(11) NOT NULL,
  `ex_description` varchar(1000) NOT NULL,
  `ex_created` timestamp NOT NULL DEFAULT current_timestamp() ON UPDATE current_timestamp()
) ENGINE=InnoDB DEFAULT CHARSET=latin1 COLLATE=latin1_swedish_ci;

--
-- Dumping data for table `exam_tbl`
--

INSERT INTO `exam_tbl` (`ex_id`, `cou_id`, `ex_title`, `ex_time_limit`, `ex_questlimit_display`, `ex_description`, `ex_created`) VALUES
(11, 26, 'Duerms', '1', 2, 'qwe', '2019-12-05 06:33:21'),
(12, 26, 'Another Exam', '1', 5, 'Mabilisang Exam', '2019-12-04 09:49:18'),
(13, 26, 'Exam Again', '5', 0, 'again and again\r\n', '2019-11-30 02:54:54');

-- --------------------------------------------------------

--
-- Table structure for table `feedbacks_tbl`
--

CREATE TABLE `feedbacks_tbl` (
  `fb_id` int(11) NOT NULL,
  `exmne_id` int(11) NOT NULL,
  `fb_exmne_as` varchar(1000) NOT NULL,
  `fb_feedbacks` varchar(1000) NOT NULL,
  `fb_date` varchar(1000) NOT NULL
) ENGINE=InnoDB DEFAULT CHARSET=latin1 COLLATE=latin1_swedish_ci;

--
-- Dumping data for table `feedbacks_tbl`
--

INSERT INTO `feedbacks_tbl` (`fb_id`, `exmne_id`, `fb_exmne_as`, `fb_feedbacks`, `fb_date`) VALUES
(4, 6, 'Glenn Duerme', 'Gwapa kay Miss Pam', 'December 05, 2019'),
(5, 6, 'Anonymous', 'Lageh, idol na nako!', 'December 05, 2019'),
(9, 8, 'Anonymous', 'dfsdf', 'January 05, 2020'),
(10, 6, '', '', 'November 22, 2023');

-- --------------------------------------------------------

--
-- Table structure for table `health_appointmenttb`
--

CREATE TABLE `health_appointmenttb` (
  `pid` int(11) NOT NULL,
  `ID` int(11) NOT NULL,
  `fname` varchar(20) NOT NULL,
  `lname` varchar(20) NOT NULL,
  `gender` varchar(10) NOT NULL,
  `email` varchar(30) NOT NULL,
  `contact` varchar(10) NOT NULL,
  `doctor` varchar(30) NOT NULL,
  `docFees` int(5) NOT NULL,
  `appdate` date NOT NULL,
  `apptime` time NOT NULL,
  `userStatus` int(5) NOT NULL,
  `doctorStatus` int(5) NOT NULL
) ENGINE=InnoDB DEFAULT CHARSET=latin1 COLLATE=latin1_swedish_ci;

--
-- Dumping data for table `health_appointmenttb`
--

INSERT INTO `health_appointmenttb` (`pid`, `ID`, `fname`, `lname`, `gender`, `email`, `contact`, `doctor`, `docFees`, `appdate`, `apptime`, `userStatus`, `doctorStatus`) VALUES
(12, 14, 'Liam', 'Moore', 'Male', 'liam@gmail.com', '7412225680', 'WillWilliams', 435, '2021-07-06', '10:00:00', 1, 1),
(1, 15, 'Curtis', 'Hicks', 'Male', 'curtis@gmail.com', '7410000010', 'ryan', 440, '2021-07-05', '14:00:00', 0, 1),
(1, 16, 'Curtis', 'Hicks', 'Male', 'curtis@gmail.com', '7410000010', 'ryan', 440, '2021-07-05', '10:00:00', 1, 1),
(11, 17, 'Kathryn', 'Anderson', 'Female', 'kathryn@gmail.com', '7850002580', 'lewis', 280, '2021-07-05', '10:00:00', 1, 1),
(13, 18, 'Brian', 'Rowe', 'Male', 'brian@gmail.com', '7012569999', 'Ralph', 450, '2021-07-06', '08:00:00', 1, 1);

-- --------------------------------------------------------

--
-- Table structure for table `health_prestb`
--

CREATE TABLE `health_prestb` (
  `doctor` varchar(50) NOT NULL,
  `pid` int(11) NOT NULL,
  `ID` int(11) NOT NULL,
  `fname` varchar(50) NOT NULL,
  `lname` varchar(50) NOT NULL,
  `appdate` date NOT NULL,
  `apptime` time NOT NULL,
  `disease` varchar(250) NOT NULL,
  `allergy` varchar(250) NOT NULL,
  `prescription` varchar(1000) NOT NULL
) ENGINE=InnoDB DEFAULT CHARSET=latin1 COLLATE=latin1_swedish_ci;

--
-- Dumping data for table `health_prestb`
--

INSERT INTO `health_prestb` (`doctor`, `pid`, `ID`, `fname`, `lname`, `appdate`, `apptime`, `disease`, `allergy`, `prescription`) VALUES
('WillWilliams', 12, 14, 'Liam', 'Moore', '2021-07-06', '10:00:00', 'Congenital heart disease', 'rhinoconjunctivitis', 'trandolapril (Mavik)'),
('ryan', 1, 16, 'Curtis', 'Hicks', '2021-07-05', '10:00:00', 'Tuberculosis', 'lumpy rash on the legs - or lupus vulgaris which gives lumps or ulcers', 'Isoniazid, Ethambutol (Myambutol), Linezolid (Zyvox)'),
('lewis', 11, 17, 'Kathryn', 'Anderson', '2021-07-05', '10:00:00', 'Ovarian cysts', '00000000', 'Narcotic analgesics and nonsteroidal anti-inflammatory drugs'),
('Ralph', 13, 18, 'Brian', 'Rowe', '2021-07-06', '08:00:00', 'Cerebral Aneurysm', '0000000', 'Nimodipine - empty stomach, at least 1 hour before a meal or 2 hours after a meal');

-- --------------------------------------------------------

--
-- Table structure for table `login`
--

CREATE TABLE `login` (
  `ID` int(11) NOT NULL,
  `username` varchar(30) NOT NULL,
  `password` varchar(30) NOT NULL,
  `role` varchar(10) NOT NULL
) ENGINE=InnoDB DEFAULT CHARSET=utf8mb4 COLLATE=utf8mb4_general_ci;

--
-- Dumping data for table `login`
--

INSERT INTO `login` (`ID`, `username`, `password`, `role`) VALUES
(1, 'aakash@gmail.com', 'pass', 'student'),
(2, 'jane', 'pas', 'teacher'),
(3, 'admin', 'pas', 'admin'),
(4, 'lib@gmail.com', 'pass', 'librarian'),
(5, 'place@gmail.com', 'pass', 'placement'),
(6, 'exam@gmail.com', 'pass', 'examiner'),
(8, 'chef@gmail.com', 'pass', 'chef'),
(9, 'warden@gmail.com', 'pass', 'warden');

-- --------------------------------------------------------

--
-- Table structure for table `merch_categories`
--

CREATE TABLE `merch_categories` (
  `categorieId` int(12) NOT NULL,
  `categorieName` varchar(255) NOT NULL,
  `categorieDesc` text NOT NULL,
  `categorieCreateDate` datetime NOT NULL DEFAULT current_timestamp()
) ENGINE=InnoDB DEFAULT CHARSET=utf8mb4 COLLATE=utf8mb4_general_ci;

--
-- Dumping data for table `merch_categories`
--

INSERT INTO `merch_categories` (`categorieId`, `categorieName`, `categorieDesc`, `categorieCreateDate`) VALUES
(2, 'NON-VEG PIZZA', 'Choose your favourite non-veg pizzas from the Domino\'s Pizza menu. Get fresh non-veg pizza with your choice of crusts & toppings', '2021-03-17 18:17:14'),
(3, 'PIZZA MANIA', 'Indulge into mouth-watering taste of Pizza mania range, perfect answer to all your food cravings', '2021-03-17 18:17:43'),
(4, 'SIDES ORDERS', 'Complement your pizza with wide range of sides available at Domino\'s Pizza India', '2021-03-17 18:19:10'),
(5, 'BEVERAGES', 'Complement your pizza with wide range of beverages available at Domino\'s Pizza India', '2021-03-17 21:58:58'),
(6, 'CHOICE OF CRUSTS', 'Fresh Pan Pizza Tastiest Pan Pizza. ... Domino\'s freshly made pan-baked pizza; deliciously soft ,buttery,extra cheesy and delightfully crunchy.', '2021-03-18 07:55:28'),
(7, 'BURGER PIZZA', 'Domino’s Pizza Introducing all new Burger Pizza with the tag line looks like a burger, tastes like a pizza. Burger Pizza is burger sized but comes in a small pizza box. It is come with pizza toppings such as herbs, vegetables, tomato sauce and mozzarella,', '2021-03-18 08:06:30'),
(8, 'CHOICE OF TOPPINGS', 'CHOICE OF TOPPINGS', '2021-03-18 08:13:47'),
(23, 'meow', 'meow', '2023-11-28 20:47:45');

-- --------------------------------------------------------

--
-- Table structure for table `merch_contact`
--

CREATE TABLE `merch_contact` (
  `contactId` int(21) NOT NULL,
  `userId` int(21) NOT NULL,
  `email` varchar(35) NOT NULL,
  `phoneNo` bigint(21) NOT NULL,
  `orderId` int(21) NOT NULL DEFAULT 0 COMMENT 'If problem is not related to the order then order id = 0',
  `message` text NOT NULL,
  `time` datetime NOT NULL DEFAULT current_timestamp()
) ENGINE=InnoDB DEFAULT CHARSET=utf8mb4 COLLATE=utf8mb4_general_ci;

-- --------------------------------------------------------

--
-- Table structure for table `merch_contactreply`
--

CREATE TABLE `merch_contactreply` (
  `id` int(21) NOT NULL,
  `contactId` int(21) NOT NULL,
  `userId` int(23) NOT NULL,
  `message` text NOT NULL,
  `datetime` datetime NOT NULL DEFAULT current_timestamp()
) ENGINE=InnoDB DEFAULT CHARSET=utf8mb4 COLLATE=utf8mb4_general_ci;

-- --------------------------------------------------------

--
-- Table structure for table `merch_deliverydetails`
--

CREATE TABLE `merch_deliverydetails` (
  `id` int(21) NOT NULL,
  `orderId` int(21) NOT NULL,
  `deliveryBoyName` varchar(35) NOT NULL,
  `deliveryBoyPhoneNo` bigint(25) NOT NULL,
  `deliveryTime` int(200) NOT NULL COMMENT 'Time in minutes',
  `dateTime` datetime NOT NULL DEFAULT current_timestamp()
) ENGINE=InnoDB DEFAULT CHARSET=utf8mb4 COLLATE=utf8mb4_general_ci;

-- --------------------------------------------------------

--
-- Table structure for table `merch_orderitems`
--

CREATE TABLE `merch_orderitems` (
  `id` int(21) NOT NULL,
  `orderId` int(21) NOT NULL,
  `productId` int(21) NOT NULL,
  `itemQuantity` int(100) NOT NULL
) ENGINE=InnoDB DEFAULT CHARSET=utf8mb4 COLLATE=utf8mb4_general_ci;

--
-- Dumping data for table `merch_orderitems`
--

INSERT INTO `merch_orderitems` (`id`, `orderId`, `productId`, `itemQuantity`) VALUES
(1, 1, 24, 3),
(2, 1, 22, 1);

-- --------------------------------------------------------

--
-- Table structure for table `merch_orders`
--

CREATE TABLE `merch_orders` (
  `orderId` int(21) NOT NULL,
  `userId` int(21) NOT NULL,
  `address` varchar(255) NOT NULL,
  `zipCode` int(21) NOT NULL,
  `phoneNo` bigint(21) NOT NULL,
  `amount` int(200) NOT NULL,
  `paymentMode` enum('0','1') NOT NULL DEFAULT '0' COMMENT '0=cash on delivery, \r\n1=online ',
  `orderStatus` enum('0','1','2','3','4','5','6') NOT NULL DEFAULT '0' COMMENT '0=Order Placed.\r\n1=Order Confirmed.\r\n2=Preparing your Order.\r\n3=Your order is on the way!\r\n4=Order Delivered.\r\n5=Order Denied.\r\n6=Order Cancelled.',
  `orderDate` datetime NOT NULL DEFAULT current_timestamp()
) ENGINE=InnoDB DEFAULT CHARSET=utf8mb4 COLLATE=utf8mb4_general_ci;

--
-- Dumping data for table `merch_orders`
--

INSERT INTO `merch_orders` (`orderId`, `userId`, `address`, `zipCode`, `phoneNo`, `amount`, `paymentMode`, `orderStatus`, `orderDate`) VALUES
(1, 2, 'dssgggg, gsf', 674746, 9863453534, 446, '0', '2', '2023-11-28 17:18:11');

-- --------------------------------------------------------

--
-- Table structure for table `merch_product`
--

CREATE TABLE `merch_product` (
  `productId` int(12) NOT NULL,
  `productName` varchar(255) NOT NULL,
  `productPrice` int(12) NOT NULL,
  `productDesc` text NOT NULL,
  `productCategorieId` int(12) NOT NULL,
  `productPubDate` datetime NOT NULL DEFAULT current_timestamp()
) ENGINE=InnoDB DEFAULT CHARSET=utf8mb4 COLLATE=utf8mb4_general_ci;

--
-- Dumping data for table `merch_product`
--

INSERT INTO `merch_product` (`productId`, `productName`, `productPrice`, `productDesc`, `productCategorieId`, `productPubDate`) VALUES
(1, 'Margh', 99, 'A hugely popular margherita, with a deliciously tangy single cheese topping\r\n\r\n', 1, '2021-03-17 21:03:26'),
(2, 'Double Cheese Margherita', 199, 'The ever-popular Margherita - loaded with extra cheese... oodies of it', 1, '2021-03-17 21:20:58'),
(3, 'Farm House\r\n', 149, 'A pizza that goes ballistic on veggies! Check out this mouth watering overload of crunchy, crisp capsicum, succulent mushrooms and fresh tomatoes\r\n\r\n', 1, '2021-03-17 21:22:07'),
(4, 'Peppy Paneer', 249, 'Chunky paneer with crisp capsicum and spicy red pepper - quite a mouthful!\r\n\r\n', 1, '2021-03-17 21:23:05'),
(5, 'Mexican Green Wave\r\n', 149, 'A pizza loaded with crunchy onions, crisp capsicum, juicy tomatoes and jalapeno with a liberal sprinkling of exotic Mexican herbs.\r\n\r\n', 1, '2021-03-17 21:23:48'),
(6, 'Deluxe Veggie\r\n', 319, 'For a vegetarian looking for a BIG treat that goes easy on the spices, this one\'s got it all.. The onions, the capsicum, those delectable mushrooms - with paneer and golden corn to top it all.\r\n\r\n', 1, '2021-03-17 21:24:38'),
(7, 'Veg Extravaganza\r\n', 299, 'A pizza that decidedly staggers under an overload of golden corn, exotic black olives, crunchy onions, crisp capsicum, succulent mushrooms, juicyfresh tomatoes and jalapeno - with extra cheese to go all around.\r\n\r\n', 1, '2021-03-17 21:25:42'),
(8, 'Cheese N Corn\r\n', 199, 'Cheese I Golden Corn', 1, '2021-03-17 21:26:31'),
(9, 'PANEER MAKHANI\r\n', 219, 'Paneer and Capsicum on Makhani Sauce', 1, '2021-03-17 21:27:21'),
(10, 'VEGGIE PARADISE\r\n', 299, 'Goldern Corn, Black Olives, Capsicum & Red Paprika\r\n\r\n', 1, '2021-03-17 21:28:06'),
(11, 'FRESH VEGGIE', 149, 'Onion I Capsicum', 1, '2021-03-17 21:28:49'),
(12, 'Indi Tandoori Paneer\r\n', 349, 'It is hot. It is spicy. It is oh-so-Indian. Tandoori paneer with capsicum I red paprika I mint mayo\r\n\r\n', 1, '2021-03-17 21:29:41'),
(13, 'PEPPER BARBECUE CHICKEN', 199, 'Pepper Barbecue Chicken I Cheese', 2, '2021-03-17 21:34:37'),
(14, 'CHICKEN SAUSAGE', 249, 'Chicken Sausage I Cheese', 2, '2021-03-17 21:35:31'),
(15, 'Chicken Golden Delight\r\n', 249, 'Mmm! Barbeque chicken with a topping of golden corn loaded with extra cheese. Worth its weight in gold!\r\n\r\n', 2, '2021-03-17 21:36:36'),
(16, 'Non Veg Supreme\r\n', 399, 'Bite into supreme delight of Black Olives, Onions, Grilled Mushrooms, Pepper BBQ Chicken, Peri-Peri Chicken, Grilled Chicken Rashers\r\n\r\n', 2, '2021-03-17 21:37:21'),
(17, 'Chicken Dominator', 319, 'Treat your taste buds with Double Pepper Barbecue Chicken, Peri-Peri Chicken, Chicken Tikka & Grilled Chicken Rashers', 2, '2021-03-17 21:38:13'),
(18, 'PEPPER BARBECUE & ONION\r\n', 249, 'Pepper Barbecue Chicken I Onion', 2, '2021-03-17 21:39:49'),
(19, 'CHICKEN FIESTA', 199, 'Grilled Chicken Rashers I Peri-Peri Chicken I Onion I Capsicum', 2, '2021-03-17 21:40:58'),
(20, 'Indi Chicken Tikka', 349, 'The wholesome flavour of tandoori masala with Chicken tikka I onion I red paprika I mint mayo', 2, '2021-03-17 21:41:49'),
(21, 'TOMATO', 99, 'Juicy tomato in a flavourful combination with cheese I tangy sauce', 3, '2021-03-17 21:44:44'),
(22, 'VEG LOADED', 149, 'Tomato | Grilled Mushroom |Jalapeno |Golden Corn | Beans in a fresh pan crust', 3, '2021-03-17 21:45:34'),
(23, 'CHEESY', 99, 'Orange Cheddar Cheese I Mozzarella', 3, '2021-03-17 21:46:21'),
(24, 'CAPSICUM', 99, 'Capsicum', 3, '2021-03-17 21:47:07'),
(25, 'ONION', 99, 'onion', 3, '2021-03-17 21:47:51'),
(26, 'GOLDEN CORN', 139, 'Golden Corn', 3, '2021-03-17 21:48:44'),
(27, 'PANEER & ONION', 149, 'Creamy Paneer | Onion', 3, '2021-03-17 21:49:36'),
(28, 'CHEESE N TOMATO', 149, 'A delectable combination of cheese and juicy tomato', 3, '2021-03-17 21:50:20'),
(29, 'Garlic Breadsticks', 99, 'The endearing tang of garlic in breadstics baked to perfection.', 4, '2021-03-17 22:01:33'),
(30, 'Stuffed Garlic Bread', 99, 'Freshly Baked Garlic Bread stuffed with mozzarella cheese, sweet corns & tangy and spicy jalapeños', 4, '2021-03-17 22:02:50'),
(31, 'Veg Pasta Italiano White', 99, 'Penne Pasta tossed with extra virgin olive oil, exotic herbs & a generous helping of new flavoured sauce.', 4, '2021-03-17 22:03:44'),
(32, 'Non Veg Pasta Italiano White', 99, 'Penne Pasta tossed with extra virgin olive oil, exotic herbs & a generous helping of new flavoured sauce.', 4, '2021-03-17 22:05:08'),
(33, 'Cheese Jalapeno Dip', 35, 'A soft creamy cheese dip spiced with jalapeno.', 4, '2021-03-17 22:06:06'),
(34, 'Cheese Dip', 35, 'A dreamy creamy cheese dip to add that extra tang to your snack.', 4, '2021-03-17 22:06:59'),
(35, 'Lava Cake', 99, 'Filled with delecious molten chocolate inside.', 4, '2021-03-17 22:08:13'),
(36, 'Butterscotch Mousse Cake', 149, 'A Creamy & Chocolaty indulgence with layers of rich, fluffy Butterscotch Cream and delicious Dark Chocolate Cake, topped with crunchy Dark Chocolate morsels - for a perfect dessert treat!', 4, '2021-03-17 22:08:58'),
(37, 'Lipton Ice Tea', 25, ' 250ml', 5, '2021-03-17 22:12:53'),
(38, 'Mirinda', 35, '500ml', 5, '2021-03-17 22:13:38'),
(39, 'PEPSI BLACK CAN', 45, 'PEPSI BLACK CAN', 5, '2021-03-17 22:14:24'),
(40, 'Pepsi\r\n', 52, '500ml', 5, '2021-03-17 22:16:29'),
(41, '7Up', 52, '500ml', 5, '2021-03-17 22:17:08'),
(42, 'Cheese Burst', 249, 'Crust with oodles of yummy liquid cheese filled inside.', 6, '2021-03-18 07:57:27'),
(43, 'Classic Hand Tossed', 249, 'Dominos traditional hand stretched crust, crisp on outside, soft & light inside.', 6, '2021-03-18 07:59:52'),
(44, 'Wheat Thin Crust', 299, 'Presenting the light healthier and delicious light wheat thin crust from Dominos.', 6, '2021-03-18 08:00:39'),
(45, 'Fresh Pan Pizza', 299, 'Tastiest Pan Pizza.Ever.\r\nDomino’s freshly made pan-baked pizza; deliciously soft ,buttery,extra cheesy and delightfully crunchy.', 6, '2021-03-18 08:01:29'),
(46, 'New Hand Tossed', 299, 'Classic Domino\'s crust. Fresh, hand stretched.', 6, '2021-03-18 08:03:17'),
(47, 'BURGER PIZZA- CLASSIC VEG', 129, 'Bite into delight! Witness the epic combination of pizza and burger with our classic Burger Pizza, that looks good and tastes great!', 7, '2021-03-18 08:09:17'),
(48, 'BURGER PIZZA- PREMIUM VEG', 139, 'The good just got better! Treat yourself to the premium taste of the Burger Pizza, that looks good and tastes great with paneer and red paprika.', 7, '2021-03-18 08:09:59'),
(49, 'BURGER PIZZA- CLASSIC NON VEG', 149, 'For all the meat cravers, try the classic non-veg Burger Pizza loaded with the goodness of burger and the greatness of pizza.', 7, '2021-03-18 08:10:37'),
(50, 'Extra Cheese', 35, 'Extra Cheese', 8, '2021-03-18 08:14:52'),
(51, 'veg toppings', 55, 'Black Olives, Crisp Capsicum, Paneer, Mushroom, Golden Corn, Fresh Tomato, Jalapeno, Red Pepper & Babycorn.', 8, '2021-03-18 08:15:36'),
(52, 'Non Veg Toppings', 55, 'Barbeque Chicken, Hot \'n\' Spicy Chicken,Chunky Chicken and Chicken Salami.', 8, '2021-03-18 08:16:29'),
(53, 'Packaged Drinking Water', 20, 'Drinking Water	', 5, '2021-03-18 08:20:40'),
(69, 'meowwwwwww', 47, 'meowww', 2, '2023-11-28 17:13:21'),
(70, 'masala dosa', 150, 'sd', 23, '2023-12-05 16:53:10');

-- --------------------------------------------------------

--
-- Table structure for table `merch_viewcart`
--

CREATE TABLE `merch_viewcart` (
  `cartItemId` int(11) NOT NULL,
  `productId` int(11) NOT NULL,
  `itemQuantity` int(100) NOT NULL,
  `userId` int(11) NOT NULL,
  `addedDate` datetime NOT NULL DEFAULT current_timestamp()
) ENGINE=InnoDB DEFAULT CHARSET=utf8mb4 COLLATE=utf8mb4_general_ci;

-- --------------------------------------------------------

--
-- Table structure for table `orderitems`
--

CREATE TABLE `orderitems` (
  `id` int(21) NOT NULL,
  `orderId` int(21) NOT NULL,
  `productId` int(21) NOT NULL,
  `itemQuantity` int(100) NOT NULL
) ENGINE=InnoDB DEFAULT CHARSET=utf8mb4 COLLATE=utf8mb4_general_ci;

--
-- Dumping data for table `orderitems`
--

INSERT INTO `orderitems` (`id`, `orderId`, `productId`, `itemQuantity`) VALUES
(1, 1, 24, 3),
(2, 1, 22, 1);

-- --------------------------------------------------------

--
-- Table structure for table `penalty`
--

CREATE TABLE `penalty` (
  `penalty_id` int(11) NOT NULL,
  `penalty_amount` int(11) NOT NULL
) ENGINE=InnoDB DEFAULT CHARSET=latin1 COLLATE=latin1_swedish_ci;

--
-- Dumping data for table `penalty`
--

INSERT INTO `penalty` (`penalty_id`, `penalty_amount`) VALUES
(1, 1);

-- --------------------------------------------------------

--
-- Table structure for table `question_list`
--

CREATE TABLE `question_list` (
  `id` int(30) NOT NULL,
  `academic_id` int(30) NOT NULL,
  `question` text NOT NULL,
  `order_by` int(30) NOT NULL,
  `criteria_id` int(30) NOT NULL
) ENGINE=InnoDB DEFAULT CHARSET=utf8mb4 COLLATE=utf8mb4_general_ci;

--
-- Dumping data for table `question_list`
--

INSERT INTO `question_list` (`id`, `academic_id`, `question`, `order_by`, `criteria_id`) VALUES
(1, 3, 'Sample Question', 0, 1),
(3, 3, 'Test', 2, 2),
(5, 0, 'Question 101', 0, 1),
(6, 3, 'Sample 101', 4, 1),
(7, 4, 'fdsgdg', 0, 4);

-- --------------------------------------------------------

--
-- Table structure for table `restriction_list`
--

CREATE TABLE `restriction_list` (
  `id` int(30) NOT NULL,
  `academic_id` int(30) NOT NULL,
  `faculty_id` int(30) NOT NULL,
  `class_id` int(30) NOT NULL,
  `subject_id` int(30) NOT NULL
) ENGINE=InnoDB DEFAULT CHARSET=utf8mb4 COLLATE=utf8mb4_general_ci;

--
-- Dumping data for table `restriction_list`
--

INSERT INTO `restriction_list` (`id`, `academic_id`, `faculty_id`, `class_id`, `subject_id`) VALUES
(8, 3, 1, 1, 1),
(9, 3, 1, 2, 2),
(10, 3, 1, 3, 3);

-- --------------------------------------------------------

--
-- Table structure for table `return_book`
--

CREATE TABLE `return_book` (
  `return_book_id` int(11) NOT NULL,
  `user_id` int(11) NOT NULL,
  `book_id` int(11) NOT NULL,
  `date_borrowed` datetime NOT NULL,
  `due_date` datetime NOT NULL,
  `date_returned` datetime NOT NULL,
  `book_penalty` varchar(100) NOT NULL
) ENGINE=InnoDB DEFAULT CHARSET=latin1 COLLATE=latin1_swedish_ci;

--
-- Dumping data for table `return_book`
--

INSERT INTO `return_book` (`return_book_id`, `user_id`, `book_id`, `date_borrowed`, `due_date`, `date_returned`, `book_penalty`) VALUES
(1, 2, 7, '2015-11-14 02:50:27', '2015-11-17 02:50:27', '2015-12-14 02:57:31', '27'),
(2, 1, 7, '2015-11-14 02:50:58', '2015-11-17 02:50:58', '2015-12-14 02:57:30', '27'),
(3, 4, 7, '2015-12-14 02:51:59', '2015-12-17 02:51:59', '2015-12-13 02:57:29', 'No Penalty'),
(4, 4, 3, '2015-12-14 02:53:15', '2015-12-17 02:53:15', '2015-12-14 02:57:45', 'No Penalty'),
(5, 11, 12, '2023-05-16 22:51:40', '2023-05-19 22:51:40', '2023-05-17 01:26:29', 'No Penalty'),
(6, 7, 3, '2023-05-17 22:40:05', '2023-05-20 22:40:05', '2023-05-17 22:43:54', 'No Penalty'),
(7, 14, 4, '2015-12-14 08:32:14', '2015-12-17 08:32:14', '2023-05-17 22:51:30', '2709'),
(8, 14, 4, '2015-12-14 08:32:14', '2015-12-17 08:32:14', '2023-05-17 22:51:30', '2709'),
(9, 13, 12, '2023-05-17 22:54:54', '2023-05-20 22:54:54', '2023-05-17 22:54:58', 'No Penalty'),
(10, 10, 8, '2023-05-17 23:25:43', '2023-05-20 23:25:43', '2023-05-17 23:25:46', 'No Penalty'),
(11, 18, 3, '2023-05-17 23:30:44', '2023-05-20 23:30:44', '2023-05-17 23:30:47', 'No Penalty'),
(12, 9, 8, '2023-05-20 23:30:32', '2023-05-27 23:30:32', '2023-05-20 23:30:34', 'No Penalty'),
(13, 1, 12, '2023-11-03 21:19:17', '2023-11-10 21:19:17', '2023-11-03 21:19:41', 'No Penalty'),
(14, 1, 8, '2023-11-03 21:27:51', '2023-11-10 21:27:51', '2023-11-03 21:27:53', 'No Penalty');

-- --------------------------------------------------------

--
-- Table structure for table `roomregistration`
--

CREATE TABLE `roomregistration` (
  `id` int(11) NOT NULL,
  `roomno` int(11) NOT NULL,
  `seater` int(11) NOT NULL,
  `feespm` int(11) NOT NULL,
  `foodstatus` int(11) NOT NULL,
  `stayfrom` date NOT NULL,
  `duration` int(11) NOT NULL,
  `course` varchar(500) NOT NULL,
  `regno` varchar(255) NOT NULL,
  `firstName` varchar(500) NOT NULL,
  `middleName` varchar(500) NOT NULL,
  `lastName` varchar(500) NOT NULL,
  `gender` varchar(250) NOT NULL,
  `contactno` bigint(11) NOT NULL,
  `emailid` varchar(500) NOT NULL,
  `egycontactno` bigint(11) NOT NULL,
  `guardianName` varchar(500) NOT NULL,
  `guardianRelation` varchar(500) NOT NULL,
  `guardianContactno` bigint(11) NOT NULL,
  `corresAddress` varchar(500) NOT NULL,
  `corresCIty` varchar(500) NOT NULL,
  `corresState` varchar(500) NOT NULL,
  `corresPincode` int(11) NOT NULL,
  `pmntAddress` varchar(500) NOT NULL,
  `pmntCity` varchar(500) NOT NULL,
  `pmnatetState` varchar(500) NOT NULL,
  `pmntPincode` int(11) NOT NULL,
  `postingDate` timestamp NOT NULL DEFAULT current_timestamp(),
  `updationDate` varchar(500) NOT NULL
) ENGINE=InnoDB DEFAULT CHARSET=latin1 COLLATE=latin1_swedish_ci;

--
-- Dumping data for table `roomregistration`
--

INSERT INTO `roomregistration` (`id`, `roomno`, `seater`, `feespm`, `foodstatus`, `stayfrom`, `duration`, `course`, `regno`, `firstName`, `middleName`, `lastName`, `gender`, `contactno`, `emailid`, `egycontactno`, `guardianName`, `guardianRelation`, `guardianContactno`, `corresAddress`, `corresCIty`, `corresState`, `corresPincode`, `pmntAddress`, `pmntCity`, `pmnatetState`, `pmntPincode`, `postingDate`, `updationDate`) VALUES
(15, 200, 2, 910, 1, '2021-03-07', 12, 'Bachelors In Information Technology', '11101', 'Mary', 'A.', 'Martin', 'female', 7455558855, 'marym@mail.com', 7412589650, 'James Martin', 'Father', 7896666600, '20 Patterson Street', 'Houston', '', 70067, '20 Patterson Street', 'Houston', '', 70067, '2022-04-02 11:36:43', ''),
(16, 112, 3, 1300, 1, '2022-04-04', 12, 'Master of Computer Application', 'CA003', 'Richard', 'J.', 'Summers', 'Male', 1325658800, 'richards@mail.com', 4785555500, 'Maren Summers', 'Father', 4125478555, '48 Wilkinson Street', 'Nashville', '', 32701, '48 Wilkinson Street', 'Nashville', '', 32701, '2022-04-03 07:46:45', ''),
(17, 132, 5, 1990, 0, '2022-04-04', 6, 'Master In Business Administration', 'CA006', 'Jennifer', 'J.', 'Frye', 'Female', 7895555544, 'jennifer@mail.com', 2224445585, 'Beverly Frye', 'Mother', 1478569888, '18 Hanifan Lane', 'Stone Mountain', '', 38803, '18 Hanifan Lane', 'Stone Mountain', '', 38803, '2022-04-03 09:07:56', ''),
(18, 269, 2, 910, 1, '2022-05-03', 12, 'Bachelor of Engineering', 'CA002', 'Bruce', 'E.', 'Murphy', 'Male', 1346565650, 'bruce@mail.com', 7850001450, 'Ellen Murphy', 'Mother', 7850001010, '25 Yorkie Lane', 'Savannah', '', 34001, '25 Yorkie Lane', 'Savannah', '', 34001, '2022-04-03 09:17:31', ''),
(19, 100, 5, 1990, 0, '2022-04-17', 8, 'Bachelor Of Commerce ', 'CA009', 'Nancy', 'W.', 'Vasquez', 'Female', 3547777770, 'nancy@mail.com', 4445554470, 'Jude Vasquez', 'Father', 4785698555, '109 Prudence Street', 'Dearborn', '', 44550, '109 Prudence Street', 'Dearborn', '', 44550, '2022-04-03 09:32:15', ''),
(200, 30, 4, 500, 1, '2024-03-19', 4, '', '', '', '', '', '', 0, 'aakash@gmail.com', 0, '', '', 0, '', '', '', 0, '', '', '', 0, '2024-03-02 12:54:02', ''),
(200, 30, 4, 500, 1, '2024-03-19', 4, 'a', '4', 'a', 'a', 'a', 'a', 2, 'aakash@gmail.com', 4, 'a', 'a', 4, 'a', 'a', 'a', 4, 'a', 'a', 'a', 4, '2024-03-02 12:55:16', '2024-03-20');

-- --------------------------------------------------------

--
-- Table structure for table `rooms`
--

CREATE TABLE `rooms` (
  `id` int(11) NOT NULL,
  `seater` int(11) NOT NULL,
  `room_no` int(11) NOT NULL,
  `fees` int(11) NOT NULL,
  `posting_date` timestamp NOT NULL DEFAULT current_timestamp()
) ENGINE=InnoDB DEFAULT CHARSET=latin1 COLLATE=latin1_swedish_ci;

--
-- Dumping data for table `rooms`
--

INSERT INTO `rooms` (`id`, `seater`, `room_no`, `fees`, `posting_date`) VALUES
(1, 4, 100, 1990, '2020-09-19 22:54:06'),
(3, 2, 200, 910, '2020-09-19 23:03:06'),
(4, 3, 112, 1300, '2020-09-19 23:03:30'),
(5, 5, 132, 1990, '2020-09-19 22:58:52'),
(6, 4, 11, 1650, '2021-03-06 23:31:02'),
(7, 2, 269, 910, '2022-04-03 09:09:22'),
(8, 1, 310, 750, '2022-04-03 09:11:36'),
(9, 1, 330, 750, '2022-04-03 09:11:53');

-- --------------------------------------------------------

--
-- Table structure for table `staff_info`
--

CREATE TABLE `staff_info` (
  `staff_id` int(11) NOT NULL,
  `first_name` varchar(30) NOT NULL,
  `middle_name` varchar(30) NOT NULL,
  `last_name` varchar(30) NOT NULL,
  `father_name` varchar(50) NOT NULL,
  `email` varchar(30) NOT NULL,
  `phone_no` varchar(11) NOT NULL,
  `profile_image` blob NOT NULL,
  `staff_status` varchar(10) NOT NULL,
  `application_status` varchar(10) NOT NULL,
  `cnic` varchar(15) NOT NULL,
  `dob` varchar(15) NOT NULL,
  `other_phone` int(11) NOT NULL,
  `gender` varchar(10) NOT NULL,
  `permanent_address` varchar(100) NOT NULL,
  `current_address` varchar(100) NOT NULL,
  `place_of_birth` varchar(50) NOT NULL,
  `matric_complition_date` varchar(10) NOT NULL,
  `matric_awarded_date` varchar(10) NOT NULL,
  `matric_certificate` varchar(100) NOT NULL,
  `fa_complition_date` varchar(10) NOT NULL,
  `fa_awarded_date` varchar(10) NOT NULL,
  `fa_certificate` varchar(100) NOT NULL,
  `ba_complition_date` varchar(10) NOT NULL,
  `ba_awarded_date` varchar(10) NOT NULL,
  `ba_certificate` varchar(100) NOT NULL,
  `ma_complition_date` varchar(10) NOT NULL,
  `ma_awarded_date` varchar(100) NOT NULL,
  `ma_certificate` varchar(101) NOT NULL,
  `last_qualification` varchar(20) NOT NULL,
  `state` varchar(20) NOT NULL,
  `hire_date` varchar(10) NOT NULL
) ENGINE=InnoDB DEFAULT CHARSET=latin1 COLLATE=latin1_swedish_ci;

--
-- Dumping data for table `staff_info`
--

INSERT INTO `staff_info` (`staff_id`, `first_name`, `middle_name`, `last_name`, `father_name`, `email`, `phone_no`, `profile_image`, `staff_status`, `application_status`, `cnic`, `dob`, `other_phone`, `gender`, `permanent_address`, `current_address`, `place_of_birth`, `matric_complition_date`, `matric_awarded_date`, `matric_certificate`, `fa_complition_date`, `fa_awarded_date`, `fa_certificate`, `ba_complition_date`, `ba_awarded_date`, `ba_certificate`, `ma_complition_date`, `ma_awarded_date`, `ma_certificate`, `last_qualification`, `state`, `hire_date`) VALUES
(2, 'Teacher', '1', '1', '', 'staff1@gmail.com', '9807367624', 0x696d616765732e706e67, 'Permanent', 'Yes', '8793', '1987-01-17', 0, 'Male', 'abc', 'def', 'ghij', '', '', '', '', '', '', '', '', '', '', '', '', '', '', '18-06-21'),
(3, 'Makise', 'dgf', 'dgf', '', 'koro@gmail.com', '5644444444', '', 'Select Sta', 'Select Sta', '', '', 0, 'Select Gen', '', '', '', '', '', '', '', '', '', '', '', '', '', '', '', '', '', '17-02-24');

-- --------------------------------------------------------

--
-- Table structure for table `staff_salary_allowances`
--

CREATE TABLE `staff_salary_allowances` (
  `staff_id` int(11) NOT NULL,
  `basic_salary` int(11) NOT NULL,
  `medical_allowance` int(11) NOT NULL,
  `hr_allowance` int(11) NOT NULL,
  `scale` int(11) NOT NULL
) ENGINE=InnoDB DEFAULT CHARSET=latin1 COLLATE=latin1_swedish_ci;

--
-- Dumping data for table `staff_salary_allowances`
--

INSERT INTO `staff_salary_allowances` (`staff_id`, `basic_salary`, `medical_allowance`, `hr_allowance`, `scale`) VALUES
(1, 40000, 5, 10, 15),
(2, 55000, 7, 15, 18),
(3, 43000, 5, 8, 14),
(5, 56, 768, 65, 65),
(87, 242, 768, 42, 656),
(545, 35, 53, 53, 53);

-- --------------------------------------------------------

--
-- Table structure for table `staff_salary_report`
--

CREATE TABLE `staff_salary_report` (
  `salary_id` int(11) NOT NULL,
  `staff_id` int(11) NOT NULL,
  `total_amount` int(11) NOT NULL,
  `status` varchar(11) NOT NULL,
  `paid_date` timestamp NOT NULL DEFAULT current_timestamp() ON UPDATE current_timestamp()
) ENGINE=InnoDB DEFAULT CHARSET=latin1 COLLATE=latin1_swedish_ci;

--
-- Dumping data for table `staff_salary_report`
--

INSERT INTO `staff_salary_report` (`salary_id`, `staff_id`, `total_amount`, `status`, `paid_date`) VALUES
(1, 1, 46000, 'Paid', '2020-03-27 05:58:57'),
(2, 2, 67100, 'Paid', '2020-03-27 06:20:13'),
(3, 3, 48590, 'Paid', '2020-03-27 06:25:58'),
(4, 1, 46000, 'Paid', '2020-03-27 07:03:39'),
(5, 3, 48590, 'Paid', '2020-03-28 02:56:59'),
(6, 2, 67100, 'Paid', '2020-03-28 03:00:46'),
(7, 2, 67100, 'Paid', '2020-03-28 03:02:06'),
(8, 2, 67100, 'Paid', '2020-03-28 03:02:46'),
(9, 2, 67100, 'Paid', '2020-03-28 03:03:59'),
(10, 2, 67100, 'Paid', '2020-03-28 03:05:54'),
(11, 2, 67100, 'Paid', '2020-03-28 03:08:17'),
(12, 2, 67100, 'Paid', '2020-03-28 03:09:22'),
(13, 2, 67100, 'Paid', '2020-03-28 03:10:44'),
(14, 2, 67100, 'Paid', '2020-03-28 03:11:26'),
(15, 2, 67100, 'Paid', '2020-03-28 03:12:25'),
(16, 2, 67100, 'Paid', '2020-03-28 03:13:32');

-- --------------------------------------------------------

--
-- Table structure for table `states`
--

CREATE TABLE `states` (
  `id` int(11) NOT NULL,
  `State` varchar(150) DEFAULT NULL
) ENGINE=MyISAM DEFAULT CHARSET=latin1 COLLATE=latin1_swedish_ci;

--
-- Dumping data for table `states`
--

INSERT INTO `states` (`id`, `State`) VALUES
(1, 'Alabama'),
(2, 'Alaska'),
(3, 'Arizona'),
(4, 'Arkansas'),
(5, 'California'),
(6, 'Colorado'),
(7, 'Connecticut'),
(8, 'Delaware'),
(9, 'Florida'),
(10, 'Georgia'),
(11, 'Hawaii'),
(12, 'Idaho'),
(13, 'Illinois'),
(14, 'Iowa'),
(15, 'Kansas'),
(16, 'Kentucky'),
(17, 'Louisiana'),
(18, 'Maine'),
(19, 'Marryland'),
(20, 'Massachusetts'),
(21, 'Michigan'),
(22, 'Minnesota'),
(23, 'Mississippi'),
(24, 'Missouri'),
(25, 'Nevada'),
(26, 'New Jersey'),
(27, 'New York'),
(28, 'North Carolina'),
(29, 'North Dakota'),
(30, 'Ohio'),
(31, 'Oklahoma'),
(32, 'South Carolina'),
(33, 'South Dakota'),
(34, 'Texas'),
(35, 'Virginia'),
(36, 'Washington');

-- --------------------------------------------------------

--
-- Table structure for table `student_attendance`
--

CREATE TABLE `student_attendance` (
  `attendance_id` int(11) NOT NULL,
  `course_code` varchar(10) NOT NULL,
  `subject_code` varchar(10) NOT NULL,
  `semester` int(11) NOT NULL,
  `student_id` varchar(20) NOT NULL,
  `attendance` int(11) NOT NULL,
  `attendance_date` varchar(11) NOT NULL
) ENGINE=InnoDB DEFAULT CHARSET=latin1 COLLATE=latin1_swedish_ci;

--
-- Dumping data for table `student_attendance`
--

INSERT INTO `student_attendance` (`attendance_id`, `course_code`, `subject_code`, `semester`, `student_id`, `attendance`, `attendance_date`) VALUES
(1, 'MCS', 'DBMS', 2, 'MCS-S19-1', 1, '15-03-20'),
(2, 'MCS', 'DBMS', 2, 'MCS-S19-1', 1, '15-03-20'),
(3, 'MCS', 'DBMS', 2, 'MCS-S19-1', 1, '15-03-20'),
(4, 'MCS', 'DBMS', 2, 'MCS-S19-1', 0, '15-03-20'),
(5, 'MCS', 'DLD', 2, 'MCS-S19-1', 1, '15-03-20'),
(6, 'MCS', 'OOP', 2, 'MCS-S19-1', 1, '15-03-20'),
(7, 'MCS', 'SE', 2, 'MCS-S19-1', 0, '15-03-20'),
(8, 'MCS', 'WEB', 2, 'MCS-S19-1', 1, '15-03-20'),
(9, 'MCS', 'DBMS', 2, 'MCS-S19-1', 1, '18-02-24'),
(10, 'MCS', 'DBMS', 2, 'MCS-S19-1', 0, '18-02-24'),
(11, 'MCS', 'DBMS', 2, 'MCS-S19-1', 1, '19-02-24'),
(12, 'MCS', 'DBMS', 2, 'MCS-S19-1', 0, '19-02-24'),
(23, 'MCS', 'DBMS', 2, 'MCS-S19-2', 2, '2024'),
(50, 'MCS', 'DBMS', 2, 'MCS-S19-2', 2, '2024'),
(51, 'MCS', 'DBMS', 2, 'MCS-S19-1', 1, '19-02-24'),
(52, 'MCS', 'DBMS', 2, 'MCS-S19-2', 1, '19-02-24'),
(53, 'MCS', 'DBMS', 2, 'MCS-S19-1', 0, '19-02-24'),
(54, 'MCS', 'DBMS', 2, 'MCS-S19-1', 1, '19-02-24'),
(55, 'MCS', 'DBMS', 2, 'MCS-S19-2', 1, '19-02-24'),
(56, 'MCS', 'DBMS', 2, 'MCS-S19-1', 0, '19-02-24'),
(57, 'MCS', 'DBMS', 2, 'MCS-S19-1', 1, '19-02-24'),
(58, 'MCS', 'DBMS', 2, 'MCS-S19-2', 1, '19-02-24'),
(59, 'MCS', 'DBMS', 2, 'MCS-S19-1', 0, '19-02-24'),
(60, 'MCS', 'DBMS', 2, 'MCS-S19-1', 0, '19-02-24'),
(61, 'MCS', 'DBMS', 2, 'MCS-S19-2', 1, '19-02-24'),
(62, 'MCS', 'DBMS', 2, 'MCS-S19-1', 0, '19-02-24'),
(63, 'MCS', 'DBMS', 2, 'MCS-S19-1', 1, '19-02-24'),
(64, 'MCS', 'DBMS', 2, 'MCS-S19-2', 0, '19-02-24'),
(65, 'MCS', 'DBMS', 2, 'MCS-S19-1', 1, '19-02-24'),
(66, 'MCS', 'DBMS', 2, 'MCS-S19-1', 1, '19-02-24'),
(67, 'MCS', 'DBMS', 2, 'MCS-S19-2', 0, '19-02-24'),
(68, 'MCS', 'DBMS', 2, 'MCS-S19-1', 1, '19-02-24');

-- --------------------------------------------------------

--
-- Table structure for table `student_courses`
--

CREATE TABLE `student_courses` (
  `student_course_id` int(11) NOT NULL,
  `course_code` varchar(10) NOT NULL,
  `semester` int(11) NOT NULL,
  `roll_no` varchar(10) NOT NULL,
  `subject_code` varchar(10) NOT NULL,
  `assign_date` varchar(10) NOT NULL
) ENGINE=InnoDB DEFAULT CHARSET=utf8mb4 COLLATE=utf8mb4_general_ci;

-- --------------------------------------------------------

--
-- Table structure for table `student_fee`
--

CREATE TABLE `student_fee` (
  `fee_voucher` int(11) NOT NULL,
  `roll_no` varchar(30) NOT NULL,
  `amount` int(11) NOT NULL,
  `posting_date` timestamp NOT NULL DEFAULT current_timestamp() ON UPDATE current_timestamp(),
  `status` varchar(10) NOT NULL
) ENGINE=InnoDB DEFAULT CHARSET=latin1 COLLATE=latin1_swedish_ci;

--
-- Dumping data for table `student_fee`
--

INSERT INTO `student_fee` (`fee_voucher`, `roll_no`, `amount`, `posting_date`, `status`) VALUES
(1, 'MCS-S19-1', 23455, '2020-03-29 05:54:36', 'Paid'),
(2, 'MCS-S19-1', 20093, '2020-03-30 07:05:39', 'Paid'),
(3, '8', 15000, '2024-02-17 08:50:25', 'Paid'),
(4, '7', 64644, '2024-02-17 12:21:10', 'Paid'),
(5, '7', 56445, '2024-02-17 12:25:25', 'Paid'),
(6, '7', 64644, '2024-02-17 12:28:54', 'Paid'),
(7, '7', 64644, '2024-02-18 01:01:36', 'Paid'),
(8, 'MCS-S19-1', 15000, '2024-02-19 04:58:40', 'Paid'),
(9, 'MCS-S19-1', 56465, '2024-02-19 05:07:58', 'Paid'),
(10, 'MCS-S19-2', 23232, '2024-02-19 09:00:39', 'Paid'),
(60, 'MCS-S19-2', 23232, '2024-02-19 09:00:54', 'Paid');

-- --------------------------------------------------------

--
-- Table structure for table `student_info`
--

CREATE TABLE `student_info` (
  `roll_no` varchar(20) NOT NULL,
  `first_name` varchar(30) NOT NULL,
  `middle_name` varchar(30) NOT NULL,
  `last_name` varchar(30) NOT NULL,
  `father_name` varchar(30) NOT NULL,
  `email` varchar(30) NOT NULL,
  `mobile_no` varchar(11) NOT NULL,
  `course_code` varchar(11) NOT NULL,
  `prospectus_issued` varchar(10) NOT NULL,
  `applicant_status` varchar(20) NOT NULL,
  `application_status` varchar(20) NOT NULL,
  `dob` varchar(10) NOT NULL,
  `other_phone` varchar(11) NOT NULL,
  `gender` varchar(10) NOT NULL,
  `permanent_address` varchar(150) NOT NULL,
  `current_address` varchar(150) NOT NULL,
  `place_of_birth` varchar(150) NOT NULL,
  `semester` int(11) NOT NULL,
  `total_marks` int(11) NOT NULL,
  `obtain_marks` int(11) NOT NULL,
  `state` varchar(20) NOT NULL,
  `admission_date` timestamp NOT NULL DEFAULT current_timestamp() ON UPDATE current_timestamp()
) ENGINE=InnoDB DEFAULT CHARSET=utf8mb4 COLLATE=utf8mb4_general_ci;

--
-- Dumping data for table `student_info`
--

INSERT INTO `student_info` (`roll_no`, `first_name`, `middle_name`, `last_name`, `father_name`, `email`, `mobile_no`, `course_code`, `prospectus_issued`, `applicant_status`, `application_status`, `dob`, `other_phone`, `gender`, `permanent_address`, `current_address`, `place_of_birth`, `semester`, `total_marks`, `obtain_marks`, `state`, `admission_date`) VALUES
('215037', 'Aakash', 'John', 'Lobo', 'John Lobo', 'aakash@gmail.com', '1234567890', 'COURSE001', 'Yes', 'Accepted', 'Approved', '2000-01-01', '9876543210', 'Male', '123 Main St, City', '456 Elm St, Town', 'City of Birth', 1, 1000, 950, 'State', '2023-11-09 09:44:31'),
('123', 'aditi', 'test', 'salvi', 'ters', 'aditi@gmail.com', '213123', 'Option2', 'Yes', 'Admitted', 'Approved', '123', '', 'Female', 'test', 'tes', 'test', 0, 0, 0, '', '2023-11-10 12:06:24'),
('1', 'magnus', 'test', 'naz', 'test', 'magnus@gmail.com', '123', '', 'Yes', 'Admitted', 'Approved', '123', '', 'Male', 'asd', 'ads', 'dsa', 0, 0, 0, '', '2023-11-13 13:41:29');

-- --------------------------------------------------------

--
-- Table structure for table `tblattachmentfile`
--

CREATE TABLE `tblattachmentfile` (
  `FILEID` int(11) NOT NULL,
  `JOBID` int(11) NOT NULL,
  `FILE_NAME` varchar(90) NOT NULL,
  `FILE_LOCATION` varchar(255) NOT NULL,
  `USERATTACHMENTID` int(11) NOT NULL
) ENGINE=InnoDB DEFAULT CHARSET=latin1 COLLATE=latin1_swedish_ci;

--
-- Dumping data for table `tblattachmentfile`
--

INSERT INTO `tblattachmentfile` (`FILEID`, `JOBID`, `FILE_NAME`, `FILE_LOCATION`, `USERATTACHMENTID`) VALUES
(201900001, 2, 'Resume', 'photos/24122019073209Filtering a Group of Data VB.Net and SQL Server 2019.docx', 2019020),
(2147483647, 2, 'Resume', 'photos/24122019072801Filtering a Group of Data VB.Net and SQL Server 2019.docx', 2019019);

-- --------------------------------------------------------

--
-- Table structure for table `tblautonumbers`
--

CREATE TABLE `tblautonumbers` (
  `AUTOID` int(11) NOT NULL,
  `AUTOSTART` varchar(30) NOT NULL,
  `AUTOEND` int(11) NOT NULL,
  `AUTOINC` int(11) NOT NULL,
  `AUTOKEY` varchar(30) NOT NULL
) ENGINE=InnoDB DEFAULT CHARSET=latin1 COLLATE=latin1_swedish_ci;

--
-- Dumping data for table `tblautonumbers`
--

INSERT INTO `tblautonumbers` (`AUTOID`, `AUTOSTART`, `AUTOEND`, `AUTOINC`, `AUTOKEY`) VALUES
(1, '02983', 8, 1, 'userid'),
(2, '000', 79, 1, 'employeeid'),
(3, '0', 21, 1, 'APPLICANT'),
(4, '0000', 2, 1, 'FILEID');

-- --------------------------------------------------------

--
-- Table structure for table `tblcategory`
--

CREATE TABLE `tblcategory` (
  `CATEGORYID` int(11) NOT NULL,
  `CATEGORY` varchar(90) NOT NULL
) ENGINE=InnoDB DEFAULT CHARSET=latin1 COLLATE=latin1_swedish_ci;

--
-- Dumping data for table `tblcategory`
--

INSERT INTO `tblcategory` (`CATEGORYID`, `CATEGORY`) VALUES
(10, 'Technology'),
(11, 'Managerial'),
(12, 'Engineer'),
(13, 'IT'),
(14, 'Civil Engineer'),
(15, 'HR'),
(23, 'Sales'),
(25, 'Finance'),
(26, 'BPO'),
(27, 'Degital Marketing'),
(28, 'Shipping');

-- --------------------------------------------------------

--
-- Table structure for table `tblcompany`
--

CREATE TABLE `tblcompany` (
  `COMPANYID` int(11) NOT NULL,
  `COMPANYNAME` varchar(90) NOT NULL,
  `COMPANYADDRESS` varchar(90) NOT NULL,
  `COMPANYCONTACTNO` varchar(30) NOT NULL,
  `COMPANYSTATUS` varchar(90) NOT NULL,
  `COMPANYMISSION` text NOT NULL
) ENGINE=InnoDB DEFAULT CHARSET=latin1 COLLATE=latin1_swedish_ci;

--
-- Dumping data for table `tblcompany`
--

INSERT INTO `tblcompany` (`COMPANYID`, `COMPANYNAME`, `COMPANYADDRESS`, `COMPANYCONTACTNO`, `COMPANYSTATUS`, `COMPANYMISSION`) VALUES
(2, 'Copreros', 'Mabinay\'s', '035656', '', ''),
(4, 'Quest', 'Kabankalan City', '23165', '', ''),
(6, 'Palacios Compan', 'Kabankalan City', '0625656899', '', ''),
(8, 'test', 'test', '123', '', '');

-- --------------------------------------------------------

--
-- Table structure for table `tbljob`
--

CREATE TABLE `tbljob` (
  `JOBID` int(11) NOT NULL,
  `COMPANYID` int(11) NOT NULL,
  `CATEGORY` varchar(90) NOT NULL,
  `OCCUPATIONTITLE` varchar(90) NOT NULL,
  `REQ_NO_EMPLOYEES` int(11) NOT NULL,
  `SALARIES` double NOT NULL,
  `DURATION_EMPLOYEMENT` varchar(90) NOT NULL,
  `QUALIFICATION_WORKEXPERIENCE` text NOT NULL,
  `JOBDESCRIPTION` text NOT NULL,
  `PREFEREDSEX` varchar(30) NOT NULL,
  `SECTOR_VACANCY` text NOT NULL,
  `JOBSTATUS` varchar(90) NOT NULL,
  `DATEPOSTED` datetime NOT NULL
) ENGINE=InnoDB DEFAULT CHARSET=latin1 COLLATE=latin1_swedish_ci;

--
-- Dumping data for table `tbljob`
--

INSERT INTO `tbljob` (`JOBID`, `COMPANYID`, `CATEGORY`, `OCCUPATIONTITLE`, `REQ_NO_EMPLOYEES`, `SALARIES`, `DURATION_EMPLOYEMENT`, `QUALIFICATION_WORKEXPERIENCE`, `JOBDESCRIPTION`, `PREFEREDSEX`, `SECTOR_VACANCY`, `JOBSTATUS`, `DATEPOSTED`) VALUES
(1, 2, 'Technology', 'IS', 6, 15000, 'jan 30', 'Two year Experience', 'We are looking for bachelor of science in information technology.\r\nasdasdasd', 'Male/Female', 'yes', '', '2018-05-20 00:00:00'),
(3, 9, 'test', 'test', 2, 2, '2', '2', 'test', 'tset', 'test', '', '2023-12-06 11:00:24'),
(4, 9, 'test', 'test', 2, 3, '4', 'test', 'tes', 'tes', 'test', '', '2023-12-06 13:12:29');

-- --------------------------------------------------------

--
-- Table structure for table `tbljobregistration`
--

CREATE TABLE `tbljobregistration` (
  `REGISTRATIONID` int(11) NOT NULL,
  `COMPANYID` int(11) NOT NULL,
  `JOBID` int(11) NOT NULL,
  `APPLICANTID` int(11) NOT NULL,
  `APPLICANT` varchar(90) NOT NULL,
  `REGISTRATIONDATE` date NOT NULL,
  `REMARKS` varchar(255) NOT NULL DEFAULT 'Pending',
  `FILEID` int(11) NOT NULL,
  `PENDINGAPPLICATION` tinyint(1) NOT NULL DEFAULT 1,
  `HVIEW` tinyint(1) NOT NULL DEFAULT 1,
  `DATETIMEAPPROVED` datetime NOT NULL
) ENGINE=InnoDB DEFAULT CHARSET=latin1 COLLATE=latin1_swedish_ci;

-- --------------------------------------------------------

--
-- Table structure for table `tblleaves`
--

CREATE TABLE `tblleaves` (
  `id` int(11) NOT NULL,
  `LeaveType` varchar(110) NOT NULL,
  `ToDate` varchar(120) NOT NULL,
  `FromDate` varchar(120) NOT NULL,
  `Description` mediumtext NOT NULL,
  `PostingDate` timestamp NOT NULL DEFAULT current_timestamp(),
  `AdminRemark` mediumtext DEFAULT NULL,
  `AdminRemarkDate` varchar(120) DEFAULT NULL,
  `Status` int(1) NOT NULL,
  `IsRead` int(1) NOT NULL,
  `empid` int(11) DEFAULT NULL
) ENGINE=InnoDB DEFAULT CHARSET=latin1 COLLATE=latin1_swedish_ci;

--
-- Dumping data for table `tblleaves`
--

INSERT INTO `tblleaves` (`id`, `LeaveType`, `ToDate`, `FromDate`, `Description`, `PostingDate`, `AdminRemark`, `AdminRemarkDate`, `Status`, `IsRead`, `empid`) VALUES
(7, 'Casual Leave', '30/11/2020', '29/10/2020', 'Test Test Demo Test Test Demo Test Test Demo', '2020-11-19 07:41:21', 'A demo Admin Remarks for Testing!', '2020-12-02 23:26:27 ', 2, 1, 1),
(8, 'Medical Leave', '21/10/2020', '25/10/2020', 'Test Test Demo Test Test Demo Test Test Demo Test Test Demo', '2020-11-20 05:44:14', 'A demo Admin Remarks for Testing!', '2020-12-02 23:24:39 ', 1, 1, 1),
(9, 'Medical Leave', '08/12/2020', '12/12/2020', 'This is a demo description for testing purpose', '2020-12-02 12:56:01', 'All good make your time and hope you\'ll be fine and get back to work asap! Best Regards, Admin.', '2021-03-03 11:19:29 ', 1, 1, 2),
(10, 'Restricted Holiday', '25/12/2020', '25/12/2020', 'This is a demo description for testing purpose', '2020-12-03 02:59:07', 'A demo Admin Remarks for Testing!', '2020-12-03 14:06:12 ', 1, 1, 1),
(11, 'Medical Leave', '02/12/2020', '06/12/2020', 'This is a demo description for testing purpose', '2020-04-29 09:31:14', 'A demo Admin Remarks for Testing!', '2020-04-29 20:33:21 ', 1, 1, 1),
(12, 'Casual Leave', '02/02/2020', '03/03/2020', 'This is a demo description for testing purpose', '2020-07-03 02:41:11', 'A demo Admin Remarks for Testing!', '2020-07-03 13:42:05 ', 1, 1, 1),
(14, 'Medical Leave', '2020-03-05', '2020-06-05', 'This is a demo description for testing purpose', '2021-03-02 04:01:01', NULL, NULL, 0, 1, 2),
(15, 'Casual Leave', '2021-03-15', '2021-03-05', 'None, Testing', '2021-03-02 04:02:42', 'casual leave not allowed for a week, the company\'s gotta huge project which should be completed within this week.', '2021-03-03 11:47:33 ', 2, 1, 1),
(17, 'Paternity Leave', '2021-03-03', '2021-03-10', 'Being a father i\'ve got to look after my new borns and spend some time with my families too!', '2021-03-03 05:28:18', NULL, NULL, 0, 1, 3),
(18, 'Medical Leave', '2021-03-04', '2021-03-05', 'i\'ve to go for my body checkup. got an appointment for tommorow', '2021-03-03 06:39:44', 'No comments on it.', '2021-03-04 22:56:24 ', 1, 1, 4),
(19, 'Compensatory Leave', '2021-03-05', '2021-03-06', 'been working over time since last night, so i\'d like a day off', '2021-03-03 06:54:15', NULL, NULL, 0, 1, 1),
(20, 'Casual Leave', '2022-02-09', '2022-02-12', 'None, Test Mode', '2022-02-09 10:01:15', NULL, NULL, 0, 1, 7),
(21, 'Self-Quarantine Leave', '2022-02-11', '2022-02-18', 'This is just a demo condition for testing purpose!!', '2022-02-10 10:35:30', 'No comments!!', '2022-02-10 21:37:15 ', 1, 1, 8);

-- --------------------------------------------------------

--
-- Table structure for table `tblleavetype`
--

CREATE TABLE `tblleavetype` (
  `id` int(11) NOT NULL,
  `LeaveType` varchar(200) DEFAULT NULL,
  `Description` mediumtext DEFAULT NULL,
  `CreationDate` timestamp NOT NULL DEFAULT current_timestamp()
) ENGINE=InnoDB DEFAULT CHARSET=latin1 COLLATE=latin1_swedish_ci;

--
-- Dumping data for table `tblleavetype`
--

INSERT INTO `tblleavetype` (`id`, `LeaveType`, `Description`, `CreationDate`) VALUES
(1, 'Casual Leave', 'Provided for urgent or unforeseen matters to the employees.', '2020-11-01 06:37:56'),
(2, 'Medical Leave', 'Related to Health Problems of Employee', '2020-11-06 07:46:09'),
(3, 'Restricted Holiday', 'Holiday that is optional', '2020-11-06 07:46:38'),
(5, 'Paternity Leave', 'To take care of newborns', '2021-03-03 05:16:31'),
(6, 'Bereavement Leave', 'Grieve their loss of losing loved ones', '2021-03-03 05:17:48'),
(7, 'Compensatory Leave', 'For Overtime workers', '2021-03-03 05:18:37'),
(8, 'Maternity Leave', 'Taking care of newborn ,recoveries', '2021-03-03 05:20:17'),
(9, 'Religious Holidays', 'Based on employee\'s followed religion', '2021-03-03 05:21:26'),
(10, 'Adverse Weather Leave', 'In terms of extreme weather conditions', '2021-03-03 07:48:26'),
(11, 'Voting Leave', 'For official election day', '2021-03-03 07:49:06'),
(12, 'Self-Quarantine Leave', 'Related to COVID-19 issues', '2021-03-03 07:49:48'),
(13, 'Personal Time Off', 'To manage some private matters', '2021-03-03 07:51:10');

-- --------------------------------------------------------

--
-- Table structure for table `teacher_courses`
--

CREATE TABLE `teacher_courses` (
  `teacher_courses_id` int(11) NOT NULL,
  `course_code` varchar(10) NOT NULL,
  `semester` int(11) NOT NULL,
  `teacher_id` varchar(10) NOT NULL,
  `subject_code` varchar(10) NOT NULL,
  `assign_date` varchar(10) NOT NULL,
  `total_classes` int(11) NOT NULL
) ENGINE=InnoDB DEFAULT CHARSET=utf8mb4 COLLATE=utf8mb4_general_ci;

-- --------------------------------------------------------

--
-- Table structure for table `teacher_info`
--

CREATE TABLE `teacher_info` (
  `teacher_id` int(11) NOT NULL,
  `first_name` varchar(30) NOT NULL,
  `middle_name` varchar(30) NOT NULL,
  `last_name` varchar(30) NOT NULL,
  `father_name` varchar(50) NOT NULL,
  `email` varchar(30) NOT NULL,
  `phone_no` varchar(11) NOT NULL,
  `teacher_status` varchar(10) NOT NULL,
  `application_status` varchar(10) NOT NULL,
  `dob` varchar(15) NOT NULL,
  `other_phone` int(11) NOT NULL,
  `gender` varchar(10) NOT NULL,
  `permanent_address` varchar(100) NOT NULL,
  `current_address` varchar(100) NOT NULL,
  `place_of_birth` varchar(50) NOT NULL,
  `last_qualification` varchar(20) NOT NULL,
  `state` varchar(20) NOT NULL,
  `hire_date` varchar(10) NOT NULL
) ENGINE=InnoDB DEFAULT CHARSET=utf8mb4 COLLATE=utf8mb4_general_ci;

--
-- Dumping data for table `teacher_info`
--

INSERT INTO `teacher_info` (`teacher_id`, `first_name`, `middle_name`, `last_name`, `father_name`, `email`, `phone_no`, `teacher_status`, `application_status`, `dob`, `other_phone`, `gender`, `permanent_address`, `current_address`, `place_of_birth`, `last_qualification`, `state`, `hire_date`) VALUES
(4, 'aaron', 'test', 'johns', 'ads', 'aaron@gmail.com', '123', 'Permanent', 'Approved', '123', 123, 'Male', 'dsa', 'asd', 'asd', 'asd', 'asd', '11-11-23');

-- --------------------------------------------------------

--
-- Table structure for table `teacher_salary_allowances`
--

CREATE TABLE `teacher_salary_allowances` (
  `teacher_id` int(11) NOT NULL,
  `basic_salary` int(11) NOT NULL,
  `medical_allowance` int(11) NOT NULL,
  `hr_allowance` int(11) NOT NULL,
  `scale` int(11) NOT NULL
) ENGINE=InnoDB DEFAULT CHARSET=latin1 COLLATE=latin1_swedish_ci;

--
-- Dumping data for table `teacher_salary_allowances`
--

INSERT INTO `teacher_salary_allowances` (`teacher_id`, `basic_salary`, `medical_allowance`, `hr_allowance`, `scale`) VALUES
(1, 40000, 5, 10, 15),
(2, 55000, 7, 15, 18),
(3, 43000, 5, 8, 14),
(5, 56, 768, 65, 65),
(87, 242, 768, 42, 656),
(545, 35, 53, 53, 53);

-- --------------------------------------------------------

--
-- Table structure for table `teacher_salary_report`
--

CREATE TABLE `teacher_salary_report` (
  `salary_id` int(11) NOT NULL,
  `teacher_id` int(11) NOT NULL,
  `total_amount` int(11) NOT NULL,
  `status` varchar(11) NOT NULL,
  `paid_date` timestamp NOT NULL DEFAULT current_timestamp() ON UPDATE current_timestamp()
) ENGINE=InnoDB DEFAULT CHARSET=latin1 COLLATE=latin1_swedish_ci;

--
-- Dumping data for table `teacher_salary_report`
--

INSERT INTO `teacher_salary_report` (`salary_id`, `teacher_id`, `total_amount`, `status`, `paid_date`) VALUES
(1, 1, 46000, 'Paid', '2020-03-27 05:58:57'),
(2, 2, 67100, 'Paid', '2020-03-27 06:20:13'),
(3, 3, 48590, 'Paid', '2020-03-27 06:25:58'),
(4, 1, 46000, 'Paid', '2020-03-27 07:03:39'),
(5, 3, 48590, 'Paid', '2020-03-28 02:56:59'),
(6, 2, 67100, 'Paid', '2020-03-28 03:00:46'),
(7, 2, 67100, 'Paid', '2020-03-28 03:02:06'),
(8, 2, 67100, 'Paid', '2020-03-28 03:02:46'),
(9, 2, 67100, 'Paid', '2020-03-28 03:03:59'),
(10, 2, 67100, 'Paid', '2020-03-28 03:05:54'),
(11, 2, 67100, 'Paid', '2020-03-28 03:08:17'),
(12, 2, 67100, 'Paid', '2020-03-28 03:09:22'),
(13, 2, 67100, 'Paid', '2020-03-28 03:10:44'),
(14, 2, 67100, 'Paid', '2020-03-28 03:11:26'),
(15, 2, 67100, 'Paid', '2020-03-28 03:12:25'),
(16, 2, 67100, 'Paid', '2020-03-28 03:13:32');

-- --------------------------------------------------------

--
-- Table structure for table `time_table`
--

CREATE TABLE `time_table` (
  `id` int(11) NOT NULL,
  `course_code` varchar(10) NOT NULL,
  `semester` int(11) NOT NULL,
  `timing_from` varchar(10) NOT NULL,
  `timing_to` varchar(10) NOT NULL,
  `day` varchar(20) NOT NULL,
  `subject_code` varchar(20) NOT NULL,
  `room_no` int(11) NOT NULL
) ENGINE=InnoDB DEFAULT CHARSET=utf8mb4 COLLATE=utf8mb4_general_ci;

--
-- Dumping data for table `time_table`
--

INSERT INTO `time_table` (`id`, `course_code`, `semester`, `timing_from`, `timing_to`, `day`, `subject_code`, `room_no`) VALUES
(9, 'A', 3, '08:00', '09:00', '1', '001', 3),
(10, 'A', 3, '09:00', '10:00', '1', '002', 3),
(11, 'A', 3, '10:00', '11:00', '1', '003', 3),
(12, 'A', 3, '08:00', '09:00', '2', '002', 3),
(13, 'A', 3, '09:00', '10:00', '2', '003', 3),
(14, 'A', 3, '10:00', '11:00', '2', '001', 3),
(15, 'A', 3, '08:00', '09:00', '3', '001', 3),
(16, 'A', 3, '09:00', '10:00', '3', '002', 3),
(17, 'A', 3, '10:00', '11:00', '3', '003', 3),
(18, 'A', 3, '08:00', '09:00', '4', '003', 3),
(19, 'A', 3, '09:00', '10:00', '4', '002', 3),
(20, 'A', 3, '10:00', '11:00', '4', '002', 3),
(21, 'A', 3, '08:00', '09:00', '5', '002', 0),
(22, 'A', 3, '09:00', '10:00', '5', '002', 3),
(23, 'A', 3, '10:00', '11:00', '5', '002', 3),
(24, 'A', 3, '08:00', '09:00', '6', '002', 3),
(25, 'A', 3, '09:00', '10:00', '6', '002', 3),
(26, 'A', 3, '10:00', '11:00', '6', '003', 3);

-- --------------------------------------------------------

--
-- Table structure for table `viewcart`
--

CREATE TABLE `viewcart` (
  `cartItemId` int(11) NOT NULL,
  `productId` int(11) NOT NULL,
  `itemQuantity` int(100) NOT NULL,
  `userId` int(11) NOT NULL,
  `addedDate` datetime NOT NULL DEFAULT current_timestamp()
) ENGINE=InnoDB DEFAULT CHARSET=utf8mb4 COLLATE=utf8mb4_general_ci;

-- --------------------------------------------------------

--
-- Table structure for table `weekdays`
--

CREATE TABLE `weekdays` (
  `day_id` int(11) NOT NULL,
  `day_name` varchar(15) NOT NULL
) ENGINE=InnoDB DEFAULT CHARSET=utf8mb4 COLLATE=utf8mb4_general_ci;

--
-- Dumping data for table `weekdays`
--

INSERT INTO `weekdays` (`day_id`, `day_name`) VALUES
(1, 'Monday'),
(2, 'Tuesday'),
(3, 'Wednesday'),
(4, 'Thursday'),
(5, 'Friday'),
(6, 'Saturday'),
(7, 'Sunday');

--
-- Indexes for dumped tables
--

--
-- Indexes for table `allowed_book`
--
ALTER TABLE `allowed_book`
  ADD PRIMARY KEY (`allowed_book_id`);

--
-- Indexes for table `allowed_days`
--
ALTER TABLE `allowed_days`
  ADD PRIMARY KEY (`allowed_days_id`);

--
-- Indexes for table `barcode`
--
ALTER TABLE `barcode`
  ADD PRIMARY KEY (`barcode_id`);

--
-- Indexes for table `book`
--
ALTER TABLE `book`
  ADD PRIMARY KEY (`book_id`);

--
-- Indexes for table `book_category`
--
ALTER TABLE `book_category`
  ADD PRIMARY KEY (`category_id`),
  ADD UNIQUE KEY `category_id` (`category_id`),
  ADD KEY `classid` (`category_id`);

--
-- Indexes for table `borrow_book`
--
ALTER TABLE `borrow_book`
  ADD PRIMARY KEY (`borrow_book_id`);

--
-- Indexes for table `cafe_categories`
--
ALTER TABLE `cafe_categories`
  ADD PRIMARY KEY (`categorieId`);
ALTER TABLE `cafe_categories` ADD FULLTEXT KEY `categorieName` (`categorieName`,`categorieDesc`);

--
-- Indexes for table `cafe_contact`
--
ALTER TABLE `cafe_contact`
  ADD PRIMARY KEY (`contactId`);

--
-- Indexes for table `cafe_orders`
--
ALTER TABLE `cafe_orders`
  ADD PRIMARY KEY (`orderId`);

--
-- Indexes for table `class_result`
--
ALTER TABLE `class_result`
  ADD PRIMARY KEY (`class_result_id`);

--
-- Indexes for table `contactreply`
--
ALTER TABLE `contactreply`
  ADD PRIMARY KEY (`id`);

--
-- Indexes for table `courses`
--
ALTER TABLE `courses`
  ADD PRIMARY KEY (`course_code`);

--
-- Indexes for table `course_subjects`
--
ALTER TABLE `course_subjects`
  ADD PRIMARY KEY (`subject_code`);

--
-- Indexes for table `deliverydetails`
--
ALTER TABLE `deliverydetails`
  ADD PRIMARY KEY (`id`),
  ADD UNIQUE KEY `orderId` (`orderId`);

--
-- Indexes for table `exam_answers`
--
ALTER TABLE `exam_answers`
  ADD PRIMARY KEY (`exans_id`);

--
-- Indexes for table `exam_attempt`
--
ALTER TABLE `exam_attempt`
  ADD PRIMARY KEY (`examat_id`);

--
-- Indexes for table `exam_question_tbl`
--
ALTER TABLE `exam_question_tbl`
  ADD PRIMARY KEY (`eqt_id`);

--
-- Indexes for table `exam_tbl`
--
ALTER TABLE `exam_tbl`
  ADD PRIMARY KEY (`ex_id`);

--
-- Indexes for table `feedbacks_tbl`
--
ALTER TABLE `feedbacks_tbl`
  ADD PRIMARY KEY (`fb_id`);

--
-- Indexes for table `login`
--
ALTER TABLE `login`
  ADD PRIMARY KEY (`ID`);

--
-- Indexes for table `penalty`
--
ALTER TABLE `penalty`
  ADD PRIMARY KEY (`penalty_id`);

--
-- Indexes for table `return_book`
--
ALTER TABLE `return_book`
  ADD PRIMARY KEY (`return_book_id`);

--
-- Indexes for table `staff_info`
--
ALTER TABLE `staff_info`
  ADD PRIMARY KEY (`staff_id`);

--
-- Indexes for table `staff_salary_allowances`
--
ALTER TABLE `staff_salary_allowances`
  ADD PRIMARY KEY (`staff_id`);

--
-- Indexes for table `staff_salary_report`
--
ALTER TABLE `staff_salary_report`
  ADD PRIMARY KEY (`salary_id`),
  ADD KEY `staff_id` (`staff_id`);

--
-- Indexes for table `student_attendance`
--
ALTER TABLE `student_attendance`
  ADD PRIMARY KEY (`attendance_id`);

--
-- Indexes for table `student_courses`
--
ALTER TABLE `student_courses`
  ADD PRIMARY KEY (`student_course_id`),
  ADD KEY `course_code` (`course_code`);

--
-- Indexes for table `student_fee`
--
ALTER TABLE `student_fee`
  ADD PRIMARY KEY (`fee_voucher`),
  ADD KEY `roll_no` (`roll_no`);

--
-- Indexes for table `tblattachmentfile`
--
ALTER TABLE `tblattachmentfile`
  ADD PRIMARY KEY (`FILEID`);

--
-- Indexes for table `tblautonumbers`
--
ALTER TABLE `tblautonumbers`
  ADD PRIMARY KEY (`AUTOID`);

--
-- Indexes for table `tblcategory`
--
ALTER TABLE `tblcategory`
  ADD PRIMARY KEY (`CATEGORYID`);

--
-- Indexes for table `tblcompany`
--
ALTER TABLE `tblcompany`
  ADD PRIMARY KEY (`COMPANYID`);

--
-- Indexes for table `tbljob`
--
ALTER TABLE `tbljob`
  ADD PRIMARY KEY (`JOBID`);

--
-- Indexes for table `tbljobregistration`
--
ALTER TABLE `tbljobregistration`
  ADD PRIMARY KEY (`REGISTRATIONID`);

--
-- Indexes for table `tblleaves`
--
ALTER TABLE `tblleaves`
  ADD PRIMARY KEY (`id`),
  ADD KEY `UserEmail` (`empid`);

--
-- Indexes for table `tblleavetype`
--
ALTER TABLE `tblleavetype`
  ADD PRIMARY KEY (`id`);

--
-- Indexes for table `teacher_courses`
--
ALTER TABLE `teacher_courses`
  ADD PRIMARY KEY (`teacher_courses_id`);

--
-- Indexes for table `teacher_info`
--
ALTER TABLE `teacher_info`
  ADD PRIMARY KEY (`teacher_id`);

--
-- Indexes for table `teacher_salary_allowances`
--
ALTER TABLE `teacher_salary_allowances`
  ADD PRIMARY KEY (`teacher_id`);

--
-- Indexes for table `teacher_salary_report`
--
ALTER TABLE `teacher_salary_report`
  ADD PRIMARY KEY (`salary_id`),
  ADD KEY `teacher_id` (`teacher_id`);

--
-- Indexes for table `time_table`
--
ALTER TABLE `time_table`
  ADD PRIMARY KEY (`id`);

--
-- Indexes for table `weekdays`
--
ALTER TABLE `weekdays`
  ADD PRIMARY KEY (`day_id`);

--
-- AUTO_INCREMENT for dumped tables
--

--
-- AUTO_INCREMENT for table `allowed_days`
--
ALTER TABLE `allowed_days`
  MODIFY `allowed_days_id` int(11) NOT NULL AUTO_INCREMENT, AUTO_INCREMENT=2;

--
-- AUTO_INCREMENT for table `barcode`
--
ALTER TABLE `barcode`
  MODIFY `barcode_id` int(11) NOT NULL AUTO_INCREMENT, AUTO_INCREMENT=30;

--
-- AUTO_INCREMENT for table `book`
--
ALTER TABLE `book`
  MODIFY `book_id` int(11) NOT NULL AUTO_INCREMENT, AUTO_INCREMENT=30;

--
-- AUTO_INCREMENT for table `book_category`
--
ALTER TABLE `book_category`
  MODIFY `category_id` int(11) NOT NULL AUTO_INCREMENT, AUTO_INCREMENT=801;

--
-- AUTO_INCREMENT for table `borrow_book`
--
ALTER TABLE `borrow_book`
  MODIFY `borrow_book_id` int(11) NOT NULL AUTO_INCREMENT, AUTO_INCREMENT=22;

--
-- AUTO_INCREMENT for table `cafe_categories`
--
ALTER TABLE `cafe_categories`
  MODIFY `categorieId` int(12) NOT NULL AUTO_INCREMENT, AUTO_INCREMENT=22;

--
-- AUTO_INCREMENT for table `cafe_contact`
--
ALTER TABLE `cafe_contact`
  MODIFY `contactId` int(21) NOT NULL AUTO_INCREMENT;

--
-- AUTO_INCREMENT for table `cafe_orders`
--
ALTER TABLE `cafe_orders`
  MODIFY `orderId` int(21) NOT NULL AUTO_INCREMENT, AUTO_INCREMENT=13;

--
-- AUTO_INCREMENT for table `class_result`
--
ALTER TABLE `class_result`
  MODIFY `class_result_id` int(11) NOT NULL AUTO_INCREMENT, AUTO_INCREMENT=685;

--
-- AUTO_INCREMENT for table `contactreply`
--
ALTER TABLE `contactreply`
  MODIFY `id` int(21) NOT NULL AUTO_INCREMENT;

--
-- AUTO_INCREMENT for table `deliverydetails`
--
ALTER TABLE `deliverydetails`
  MODIFY `id` int(21) NOT NULL AUTO_INCREMENT;

--
-- AUTO_INCREMENT for table `exam_answers`
--
ALTER TABLE `exam_answers`
  MODIFY `exans_id` int(11) NOT NULL AUTO_INCREMENT, AUTO_INCREMENT=326;

--
-- AUTO_INCREMENT for table `exam_attempt`
--
ALTER TABLE `exam_attempt`
  MODIFY `examat_id` int(11) NOT NULL AUTO_INCREMENT, AUTO_INCREMENT=58;

--
-- AUTO_INCREMENT for table `exam_question_tbl`
--
ALTER TABLE `exam_question_tbl`
  MODIFY `eqt_id` int(11) NOT NULL AUTO_INCREMENT, AUTO_INCREMENT=33;

--
-- AUTO_INCREMENT for table `exam_tbl`
--
ALTER TABLE `exam_tbl`
  MODIFY `ex_id` int(11) NOT NULL AUTO_INCREMENT, AUTO_INCREMENT=27;

--
-- AUTO_INCREMENT for table `feedbacks_tbl`
--
ALTER TABLE `feedbacks_tbl`
  MODIFY `fb_id` int(11) NOT NULL AUTO_INCREMENT, AUTO_INCREMENT=11;

--
-- AUTO_INCREMENT for table `login`
--
ALTER TABLE `login`
  MODIFY `ID` int(11) NOT NULL AUTO_INCREMENT, AUTO_INCREMENT=10;

--
-- AUTO_INCREMENT for table `penalty`
--
ALTER TABLE `penalty`
  MODIFY `penalty_id` int(11) NOT NULL AUTO_INCREMENT, AUTO_INCREMENT=2;

--
-- AUTO_INCREMENT for table `return_book`
--
ALTER TABLE `return_book`
  MODIFY `return_book_id` int(11) NOT NULL AUTO_INCREMENT, AUTO_INCREMENT=15;

--
-- AUTO_INCREMENT for table `staff_info`
--
ALTER TABLE `staff_info`
  MODIFY `staff_id` int(11) NOT NULL AUTO_INCREMENT, AUTO_INCREMENT=4;

--
-- AUTO_INCREMENT for table `staff_salary_report`
--
ALTER TABLE `staff_salary_report`
  MODIFY `salary_id` int(11) NOT NULL AUTO_INCREMENT, AUTO_INCREMENT=39;

--
-- AUTO_INCREMENT for table `student_attendance`
--
ALTER TABLE `student_attendance`
  MODIFY `attendance_id` int(11) NOT NULL AUTO_INCREMENT, AUTO_INCREMENT=69;

--
-- AUTO_INCREMENT for table `student_courses`
--
ALTER TABLE `student_courses`
  MODIFY `student_course_id` int(11) NOT NULL AUTO_INCREMENT, AUTO_INCREMENT=7;

--
-- AUTO_INCREMENT for table `student_fee`
--
ALTER TABLE `student_fee`
  MODIFY `fee_voucher` int(11) NOT NULL AUTO_INCREMENT, AUTO_INCREMENT=61;

--
-- AUTO_INCREMENT for table `tblattachmentfile`
--
ALTER TABLE `tblattachmentfile`
  MODIFY `FILEID` int(11) NOT NULL AUTO_INCREMENT, AUTO_INCREMENT=2147483648;

--
-- AUTO_INCREMENT for table `tblautonumbers`
--
ALTER TABLE `tblautonumbers`
  MODIFY `AUTOID` int(11) NOT NULL AUTO_INCREMENT, AUTO_INCREMENT=5;

--
-- AUTO_INCREMENT for table `tblcategory`
--
ALTER TABLE `tblcategory`
  MODIFY `CATEGORYID` int(11) NOT NULL AUTO_INCREMENT, AUTO_INCREMENT=30;

--
-- AUTO_INCREMENT for table `tblcompany`
--
ALTER TABLE `tblcompany`
  MODIFY `COMPANYID` int(11) NOT NULL AUTO_INCREMENT, AUTO_INCREMENT=9;

--
-- AUTO_INCREMENT for table `tbljob`
--
ALTER TABLE `tbljob`
  MODIFY `JOBID` int(11) NOT NULL AUTO_INCREMENT, AUTO_INCREMENT=5;

--
-- AUTO_INCREMENT for table `tbljobregistration`
--
ALTER TABLE `tbljobregistration`
  MODIFY `REGISTRATIONID` int(11) NOT NULL AUTO_INCREMENT, AUTO_INCREMENT=6;

--
-- AUTO_INCREMENT for table `tblleaves`
--
ALTER TABLE `tblleaves`
  MODIFY `id` int(11) NOT NULL AUTO_INCREMENT, AUTO_INCREMENT=22;

--
-- AUTO_INCREMENT for table `tblleavetype`
--
ALTER TABLE `tblleavetype`
  MODIFY `id` int(11) NOT NULL AUTO_INCREMENT, AUTO_INCREMENT=14;

--
-- AUTO_INCREMENT for table `teacher_courses`
--
ALTER TABLE `teacher_courses`
  MODIFY `teacher_courses_id` int(11) NOT NULL AUTO_INCREMENT, AUTO_INCREMENT=6;

--
-- AUTO_INCREMENT for table `teacher_info`
--
ALTER TABLE `teacher_info`
  MODIFY `teacher_id` int(11) NOT NULL AUTO_INCREMENT, AUTO_INCREMENT=5;

--
-- AUTO_INCREMENT for table `teacher_salary_report`
--
ALTER TABLE `teacher_salary_report`
  MODIFY `salary_id` int(11) NOT NULL AUTO_INCREMENT, AUTO_INCREMENT=39;

--
-- AUTO_INCREMENT for table `time_table`
--
ALTER TABLE `time_table`
  MODIFY `id` int(11) NOT NULL AUTO_INCREMENT, AUTO_INCREMENT=27;

--
-- AUTO_INCREMENT for table `weekdays`
--
ALTER TABLE `weekdays`
  MODIFY `day_id` int(11) NOT NULL AUTO_INCREMENT, AUTO_INCREMENT=8;
COMMIT;

/*!40101 SET CHARACTER_SET_CLIENT=@OLD_CHARACTER_SET_CLIENT */;
/*!40101 SET CHARACTER_SET_RESULTS=@OLD_CHARACTER_SET_RESULTS */;
/*!40101 SET COLLATION_CONNECTION=@OLD_COLLATION_CONNECTION */;
